"Date","Price","Open","High","Low","Vol.","Change %"
"Dec 09, 2019","84.62","84.64","84.64","84.61","1.48M","0.00%"
"Dec 06, 2019","84.62","84.60","84.65","84.59","2.02M","-0.04%"
"Dec 05, 2019","84.65","84.65","84.69","84.64","1.97M","-0.05%"
"Dec 04, 2019","84.69","84.71","84.72","84.66","2.02M","-0.05%"
"Dec 03, 2019","84.73","84.72","84.78","84.71","2.04M","0.14%"
"Dec 02, 2019","84.61","84.59","84.67","84.57","4.21M","-0.19%"
"Nov 29, 2019","84.77","84.73","84.77","84.72","1.22M","0.04%"
"Nov 27, 2019","84.74","84.77","84.77","84.73","1.09M","-0.06%"
"Nov 26, 2019","84.79","84.79","84.80","84.77","1.79M","0.05%"
"Nov 25, 2019","84.75","84.74","84.76","84.72","3.60M","0.02%"
"Nov 22, 2019","84.73","84.76","84.77","84.72","3.15M","-0.02%"
"Nov 21, 2019","84.75","84.76","84.78","84.74","1.29M","-0.05%"
"Nov 20, 2019","84.79","84.77","84.81","84.76","1.77M","0.05%"
"Nov 19, 2019","84.75","84.73","84.76","84.73","1.63M","-0.01%"
"Nov 18, 2019","84.76","84.76","84.77","84.74","1.05M","0.05%"
"Nov 15, 2019","84.72","84.71","84.74","84.71","2.46M","-0.04%"
"Nov 14, 2019","84.75","84.74","84.78","84.73","2.75M","0.09%"
"Nov 13, 2019","84.67","84.67","84.69","84.65","1.68M","0.05%"
"Nov 12, 2019","84.63","84.61","84.64","84.59","2.65M","0.01%"
"Nov 11, 2019","84.62","84.62","84.63","84.59","1.33M","0.02%"
"Nov 08, 2019","84.60","84.59","84.65","84.59","2.30M","0.01%"
"Nov 07, 2019","84.59","84.63","84.63","84.54","2.28M","-0.12%"
"Nov 06, 2019","84.69","84.69","84.71","84.66","1.24M","0.06%"
"Nov 05, 2019","84.64","84.67","84.67","84.61","2.08M","-0.07%"
"Nov 04, 2019","84.70","84.72","84.72","84.69","2.54M","-0.07%"
"Nov 01, 2019","84.76","84.78","84.81","84.72","3.44M","-0.22%"
"Oct 31, 2019","84.95","84.85","84.96","84.85","2.72M","0.18%"
"Oct 30, 2019","84.80","84.75","84.81","84.71","1.62M","0.06%"
"Oct 29, 2019","84.75","84.76","84.77","84.73","1.77M","0.02%"
"Oct 28, 2019","84.73","84.73","84.74","84.70","2.05M","-0.04%"
"Oct 25, 2019","84.76","84.83","84.83","84.74","982.86K","-0.06%"
"Oct 24, 2019","84.81","84.83","84.87","84.81","1.23M","0.00%"
"Oct 23, 2019","84.81","84.84","84.85","84.80","1.58M","-0.01%"
"Oct 22, 2019","84.82","84.81","84.83","84.76","1.19M","0.04%"
"Oct 21, 2019","84.79","84.82","84.83","84.77","985.53K","-0.05%"
"Oct 18, 2019","84.83","84.82","84.87","84.82","1.90M","0.04%"
"Oct 17, 2019","84.80","84.80","84.85","84.78","1.64M","0.00%"
"Oct 16, 2019","84.80","84.80","84.82","84.77","1.84M","0.05%"
"Oct 15, 2019","84.76","84.81","84.82","84.73","2.47M","-0.02%"
"Oct 14, 2019","84.78","84.78","84.80","84.76","1.34M","0.01%"
"Oct 11, 2019","84.77","84.79","84.80","84.71","2.93M","-0.09%"
"Oct 10, 2019","84.85","84.96","84.96","84.85","3.57M","-0.12%"
"Oct 09, 2019","84.95","85.00","85.02","84.93","1.47M","-0.06%"
"Oct 08, 2019","85.00","85.01","85.04","84.94","2.15M","0.06%"
"Oct 07, 2019","84.95","84.99","85.00","84.93","1.61M","-0.11%"
"Oct 04, 2019","85.04","85.01","85.05","84.99","1.76M","-0.01%"
"Oct 03, 2019","85.05","84.93","85.07","84.92","2.44M","0.21%"
"Oct 02, 2019","84.87","84.84","84.91","84.83","2.61M","0.11%"
"Oct 01, 2019","84.78","84.62","84.81","84.62","4.67M","-0.05%"
"Sep 30, 2019","84.82","84.77","84.82","84.76","2.33M","0.05%"
"Sep 27, 2019","84.78","84.74","84.81","84.74","1.69M","0.06%"
"Sep 26, 2019","84.73","84.75","84.79","84.73","871.49K","0.05%"
"Sep 25, 2019","84.69","84.79","84.81","84.69","2.73M","-0.13%"
"Sep 24, 2019","84.80","84.72","84.84","84.72","3.69M","0.11%"
"Sep 23, 2019","84.71","84.72","84.79","84.71","1.54M","0.06%"
"Sep 20, 2019","84.66","84.61","84.69","84.59","2.38M","0.11%"
"Sep 19, 2019","84.57","84.64","84.64","84.57","2.40M","0.01%"
"Sep 18, 2019","84.56","84.66","84.71","84.55","3.28M","-0.06%"
"Sep 17, 2019","84.61","84.56","84.63","84.55","1.40M","0.05%"
"Sep 16, 2019","84.57","84.55","84.57","84.53","3.03M","0.08%"
"Sep 13, 2019","84.50","84.57","84.59","84.48","1.95M","-0.17%"
"Sep 12, 2019","84.64","84.71","84.72","84.61","3.32M","-0.02%"
"Sep 11, 2019","84.66","84.66","84.71","84.66","3.00M","0.00%"
"Sep 10, 2019","84.66","84.79","84.80","84.65","2.26M","-0.17%"
"Sep 09, 2019","84.80","84.83","84.85","84.80","2.42M","-0.11%"
"Sep 06, 2019","84.89","84.90","84.93","84.87","2.49M","0.01%"
"Sep 05, 2019","84.88","84.96","84.96","84.84","2.15M","-0.22%"
"Sep 04, 2019","85.07","85.00","85.07","85.00","1.46M","0.08%"
"Sep 03, 2019","85.00","84.95","85.07","84.93","4.57M","-0.09%"
"Aug 30, 2019","85.08","85.05","85.09","85.03","2.54M","0.04%"
"Aug 29, 2019","85.05","85.08","85.09","85.04","3.27M","-0.05%"
"Aug 28, 2019","85.09","85.09","85.11","85.07","1.94M","0.02%"
"Aug 27, 2019","85.07","85.01","85.09","85.01","2.18M","0.04%"
"Aug 26, 2019","85.04","85.06","85.10","85.01","1.77M","-0.05%"
"Aug 23, 2019","85.08","84.97","85.10","84.95","2.45M","0.16%"
"Aug 22, 2019","84.94","84.96","85.01","84.93","956.17K","-0.05%"
"Aug 21, 2019","84.98","85.01","85.05","84.97","2.08M","-0.09%"
"Aug 20, 2019","85.06","85.05","85.09","85.04","2.02M","0.07%"
"Aug 19, 2019","85.00","85.01","85.04","84.98","1.49M","-0.11%"
"Aug 16, 2019","85.09","85.05","85.10","85.01","1.89M","-0.01%"
"Aug 15, 2019","85.10","84.96","85.11","84.96","4.82M","0.21%"
"Aug 14, 2019","84.92","84.89","84.95","84.88","3.31M","0.13%"
"Aug 13, 2019","84.81","84.90","84.91","84.77","1.84M","-0.12%"
"Aug 12, 2019","84.91","84.89","84.94","84.88","2.40M","0.11%"
"Aug 09, 2019","84.82","84.87","84.91","84.82","1.83M","-0.06%"
"Aug 08, 2019","84.87","84.87","84.88","84.81","1.50M","-0.04%"
"Aug 07, 2019","84.90","85.00","85.04","84.87","2.35M","0.01%"
"Aug 06, 2019","84.89","84.86","84.89","84.82","3.28M","0.05%"
"Aug 05, 2019","84.85","84.83","84.91","84.81","3.15M","0.20%"
"Aug 02, 2019","84.68","84.65","84.70","84.64","2.63M","0.02%"
"Aug 01, 2019","84.66","84.46","84.72","84.45","3.10M","0.11%"
"Jul 31, 2019","84.57","84.62","84.65","84.43","2.31M","-0.01%"
"Jul 30, 2019","84.58","84.59","84.60","84.57","933.46K","0.01%"
"Jul 29, 2019","84.57","84.57","84.60","84.57","930.57K","0.00%"
"Jul 26, 2019","84.57","84.56","84.57","84.52","1.00M","0.01%"
"Jul 25, 2019","84.56","84.59","84.59","84.53","1.09M","-0.06%"
"Jul 24, 2019","84.61","84.61","84.64","84.59","1.36M","0.02%"
"Jul 23, 2019","84.59","84.60","84.62","84.58","1.03M","-0.02%"
"Jul 22, 2019","84.61","84.63","84.64","84.61","823.32K","0.01%"
"Jul 19, 2019","84.60","84.62","84.64","84.58","863.98K","-0.11%"
"Jul 18, 2019","84.69","84.58","84.70","84.56","1.44M","0.12%"
"Jul 17, 2019","84.59","84.52","84.59","84.51","1.46M","0.09%"
"Jul 16, 2019","84.51","84.50","84.53","84.48","1.35M","-0.04%"
"Jul 15, 2019","84.54","84.54","84.56","84.53","1.39M","0.02%"
"Jul 12, 2019","84.52","84.50","84.54","84.49","871.64K","0.01%"
"Jul 11, 2019","84.51","84.54","84.55","84.49","1.23M","-0.05%"
"Jul 10, 2019","84.55","84.50","84.55","84.47","1.70M","0.18%"
"Jul 09, 2019","84.40","84.46","84.46","84.40","1.46M","-0.04%"
"Jul 08, 2019","84.43","84.49","84.50","84.43","1.59M","-0.05%"
"Jul 05, 2019","84.47","84.51","84.51","84.44","1.76M","-0.20%"
"Jul 03, 2019","84.64","84.63","84.65","84.62","2.18M","0.02%"
"Jul 02, 2019","84.62","84.59","84.64","84.58","4.84M","0.06%"
"Jul 01, 2019","84.57","84.62","84.63","84.54","4.21M","-0.25%"
"Jun 28, 2019","84.78","84.77","84.80","84.75","4.13M","0.00%"
"Jun 27, 2019","84.78","84.76","84.78","84.73","1.28M","0.08%"
"Jun 26, 2019","84.71","84.77","84.77","84.70","1.22M","-0.12%"
"Jun 25, 2019","84.81","84.80","84.85","84.76","1.74M","0.02%"
"Jun 24, 2019","84.79","84.76","84.82","84.76","1.72M","0.06%"
"Jun 21, 2019","84.74","84.71","84.74","84.69","8.01M","-0.05%"
"Jun 20, 2019","84.78","84.81","84.85","84.77","1.79M","0.05%"
"Jun 19, 2019","84.74","84.54","84.75","84.52","1.89M","0.21%"
"Jun 18, 2019","84.56","84.65","84.66","84.56","5.59M","0.01%"
"Jun 17, 2019","84.55","84.60","84.60","84.55","2.11M","-0.05%"
"Jun 14, 2019","84.59","84.57","84.61","84.56","1.99M","-0.04%"
"Jun 13, 2019","84.62","84.57","84.64","84.55","2.45M","0.11%"
"Jun 12, 2019","84.53","84.51","84.55","84.50","1.15M","0.08%"
"Jun 11, 2019","84.46","84.45","84.48","84.44","2.21M","-0.04%"
"Jun 10, 2019","84.49","84.52","84.52","84.48","7.61M","-0.09%"
"Jun 07, 2019","84.57","84.62","84.64","84.54","13.62M","0.11%"
"Jun 06, 2019","84.48","84.54","84.57","84.47","20.69M","-0.06%"
"Jun 05, 2019","84.53","84.60","84.63","84.52","14.75M","0.05%"
"Jun 04, 2019","84.49","84.44","84.51","84.42","3.32M","-0.07%"
"Jun 03, 2019","84.55","84.47","84.59","84.43","4.62M","-0.01%"
"May 31, 2019","84.56","84.46","84.59","84.46","11.97M","0.21%"
"May 30, 2019","84.38","84.33","84.39","84.30","1.93M","0.08%"
"May 29, 2019","84.31","84.35","84.38","84.30","2.63M","0.01%"
"May 28, 2019","84.30","84.26","84.30","84.24","1.13M","0.08%"
"May 24, 2019","84.23","84.24","84.25","84.21","1.02M","-0.04%"
"May 23, 2019","84.26","84.17","84.29","84.17","2.77M","0.18%"
"May 22, 2019","84.11","84.12","84.13","84.10","2.07M","0.05%"
"May 21, 2019","84.07","84.09","84.10","84.06","1.16M","-0.05%"
"May 20, 2019","84.11","84.14","84.16","84.11","1.10M","-0.05%"
"May 17, 2019","84.15","84.18","84.19","84.12","1.07M","0.02%"
"May 16, 2019","84.13","84.14","84.15","84.12","1.05M","-0.06%"
"May 15, 2019","84.18","84.21","84.21","84.14","1.52M","0.07%"
"May 14, 2019","84.12","84.12","84.13","84.09","3.79M","0.00%"
"May 13, 2019","84.12","84.11","84.15","84.10","2.72M","0.12%"
"May 10, 2019","84.02","84.03","84.07","84.00","1.56M","0.02%"
"May 09, 2019","84.00","84.02","84.06","83.99","1.30M","0.06%"
"May 08, 2019","83.95","83.98","84.00","83.94","1.47M","-0.01%"
"May 07, 2019","83.96","83.95","83.98","83.95","2.82M","0.05%"
"May 06, 2019","83.92","83.93","83.94","83.91","1.31M","0.06%"
"May 03, 2019","83.87","83.87","83.90","83.85","1.33M","0.04%"
"May 02, 2019","83.84","83.88","83.89","83.84","2.14M","-0.05%"
"May 01, 2019","83.88","83.93","84.05","83.87","1.31M","-0.27%"
"Apr 30, 2019","84.11","84.06","84.11","84.04","1.88M","0.07%"
"Apr 29, 2019","84.05","84.05","84.07","84.04","1.01M","-0.04%"
"Apr 26, 2019","84.08","84.07","84.08","84.06","2.28M","0.11%"
"Apr 25, 2019","83.99","84.01","84.02","83.99","903.03K","0.00%"
"Apr 24, 2019","83.99","83.99","84.01","83.98","3.42M","0.06%"
"Apr 23, 2019","83.94","83.92","83.95","83.92","1.82M","0.05%"
"Apr 22, 2019","83.90","83.90","83.91","83.89","6.16M","0.01%"
"Apr 18, 2019","83.89","83.90","83.91","83.88","1.08M","0.02%"
"Apr 17, 2019","83.87","83.84","83.87","83.84","1.60M","0.04%"
"Apr 16, 2019","83.84","83.84","83.85","83.81","1.34M","-0.01%"
"Apr 15, 2019","83.85","83.83","83.86","83.83","1.02M","0.01%"
"Apr 12, 2019","83.84","83.84","83.86","83.83","1.21M","-0.06%"
"Apr 11, 2019","83.89","83.90","83.92","83.89","3.38M","-0.06%"
"Apr 10, 2019","83.94","83.91","83.94","83.91","2.36M","0.08%"
"Apr 09, 2019","83.87","83.89","83.91","83.87","3.66M","0.01%"
"Apr 08, 2019","83.86","83.88","83.90","83.85","2.76M","-0.02%"
"Apr 05, 2019","83.88","83.87","83.89","83.86","6.62M","-0.01%"
"Apr 04, 2019","83.89","83.90","83.90","83.87","1.48M","0.02%"
"Apr 03, 2019","83.87","83.88","83.89","83.86","5.01M","-0.05%"
"Apr 02, 2019","83.91","83.89","83.92","83.88","2.66M","0.05%"
"Apr 01, 2019","83.87","83.91","83.93","83.85","4.38M","-0.30%"
"Mar 29, 2019","84.12","84.10","84.13","84.08","2.28M","-0.06%"
"Mar 28, 2019","84.17","84.17","84.18","84.13","1.32M","-0.01%"
"Mar 27, 2019","84.18","84.17","84.21","84.15","1.87M","0.08%"
"Mar 26, 2019","84.11","84.08","84.13","84.06","2.37M","-0.01%"
"Mar 25, 2019","84.12","84.06","84.17","84.04","3.57M","0.11%"
"Mar 22, 2019","84.03","83.95","84.05","83.95","3.11M","0.17%"
"Mar 21, 2019","83.89","83.91","83.91","83.87","1.37M","0.00%"
"Mar 20, 2019","83.89","83.78","83.90","83.78","2.46M","0.14%"
"Mar 19, 2019","83.77","83.76","83.78","83.74","1.00M","-0.01%"
"Mar 18, 2019","83.78","83.78","83.80","83.77","1.09M","-0.02%"
"Mar 15, 2019","83.80","83.79","83.81","83.78","1.57M","0.04%"
"Mar 14, 2019","83.77","83.75","83.77","83.73","1.17M","0.02%"
"Mar 13, 2019","83.75","83.73","83.75","83.72","1.17M","0.01%"
"Mar 12, 2019","83.74","83.71","83.75","83.71","3.67M","0.04%"
"Mar 11, 2019","83.71","83.72","83.72","83.69","2.21M","-0.02%"
"Mar 08, 2019","83.73","83.71","83.74","83.69","2.63M","0.04%"
"Mar 07, 2019","83.70","83.65","83.71","83.65","3.22M","0.08%"
"Mar 06, 2019","83.63","83.57","83.63","83.57","4.17M","0.07%"
"Mar 05, 2019","83.57","83.54","83.57","83.52","6.18M","0.01%"
"Mar 04, 2019","83.56","83.54","83.58","83.53","6.42M","0.02%"
"Mar 01, 2019","83.54","83.56","83.57","83.52","3.70M","-0.25%"
"Feb 28, 2019","83.75","83.75","83.76","83.72","4.14M","-0.02%"
"Feb 27, 2019","83.77","83.76","83.77","83.73","2.46M","-0.02%"
"Feb 26, 2019","83.79","83.77","83.79","83.75","4.57M","0.05%"
"Feb 25, 2019","83.75","83.73","83.75","83.71","2.96M","-0.01%"
"Feb 22, 2019","83.76","83.72","83.78","83.72","2.64M","0.07%"
"Feb 21, 2019","83.70","83.71","83.71","83.69","2.14M","-0.02%"
"Feb 20, 2019","83.72","83.73","83.76","83.71","2.68M","-0.02%"
"Feb 19, 2019","83.74","83.72","83.74","83.70","8.25M","0.07%"
"Feb 15, 2019","83.68","83.70","83.70","83.68","3.56M","-0.05%"
"Feb 14, 2019","83.72","83.71","83.72","83.67","5.77M","0.13%"
"Feb 13, 2019","83.61","83.62","83.65","83.61","3.54M","-0.07%"
"Feb 12, 2019","83.67","83.68","83.69","83.66","2.37M","-0.01%"
"Feb 11, 2019","83.68","83.68","83.70","83.67","3.23M","-0.04%"
"Feb 08, 2019","83.71","83.73","83.75","83.71","2.46M","0.04%"
"Feb 07, 2019","83.68","83.67","83.70","83.65","2.48M","0.07%"
"Feb 06, 2019","83.62","83.63","83.64","83.60","2.69M","0.05%"
"Feb 05, 2019","83.58","83.57","83.61","83.57","3.07M","0.00%"
"Feb 04, 2019","83.58","83.59","83.60","83.56","9.05M","0.00%"
"Feb 01, 2019","83.58","83.64","83.66","83.58","7.39M","-0.30%"
"Jan 31, 2019","83.83","83.79","83.85","83.79","7.27M","0.08%"
"Jan 30, 2019","83.76","83.65","83.76","83.63","3.63M","0.13%"
"Jan 29, 2019","83.65","83.63","83.66","83.63","4.07M","0.05%"
"Jan 28, 2019","83.61","83.60","83.64","83.59","5.78M","0.01%"
"Jan 25, 2019","83.60","83.63","83.64","83.59","1.60M","-0.07%"
"Jan 24, 2019","83.66","83.65","83.68","83.63","2.01M","0.08%"
"Jan 23, 2019","83.59","83.58","83.62","83.56","7.92M","-0.02%"
"Jan 22, 2019","83.61","83.58","83.61","83.57","4.05M","0.08%"
"Jan 18, 2019","83.54","83.58","83.59","83.52","4.14M","-0.08%"
"Jan 17, 2019","83.61","83.62","83.63","83.58","2.51M","-0.01%"
"Jan 16, 2019","83.62","83.60","83.63","83.58","3.26M","-0.02%"
"Jan 15, 2019","83.64","83.65","83.66","83.61","3.31M","0.04%"
"Jan 14, 2019","83.61","83.63","83.65","83.43","1.87M","0.00%"
"Jan 11, 2019","83.61","83.61","83.63","83.60","2.06M","0.06%"
"Jan 10, 2019","83.56","83.61","83.63","83.55","4.04M","0.01%"
"Jan 09, 2019","83.55","83.51","83.58","83.51","4.16M","0.05%"
"Jan 08, 2019","83.51","83.53","83.56","83.50","2.06M","-0.06%"
"Jan 07, 2019","83.56","83.65","83.67","83.56","3.63M","-0.07%"
"Jan 04, 2019","83.62","83.67","83.68","83.62","5.97M","-0.21%"
"Jan 03, 2019","83.80","83.64","83.83","83.63","5.28M","0.20%"
"Jan 02, 2019","83.63","83.63","83.64","83.60","5.38M","0.01%"
"Dec 31, 2018","83.62","83.57","83.67","83.55","4.89M","0.04%"
"Dec 28, 2018","83.59","83.51","83.59","83.50","6.74M","0.14%"
"Dec 27, 2018","83.47","83.46","83.54","83.46","4.21M","0.11%"
"Dec 26, 2018","83.38","83.48","83.51","83.38","6.21M","-0.10%"
"Dec 24, 2018","83.46","83.40","83.46","83.40","4.05M","0.08%"
"Dec 21, 2018","83.39","83.33","83.39","83.32","5.55M","0.07%"
"Dec 20, 2018","83.33","83.35","83.36","83.31","7.30M","-0.01%"
"Dec 19, 2018","83.34","83.34","83.38","83.27","12.28M","0.02%"
"Dec 18, 2018","83.32","83.28","83.33","83.26","6.57M","-0.08%"
"Dec 17, 2018","83.39","83.32","83.39","83.30","5.82M","0.10%"
"Dec 14, 2018","83.31","83.27","83.32","83.26","4.45M","0.06%"
"Dec 13, 2018","83.26","83.23","83.26","83.22","7.53M","0.10%"
"Dec 12, 2018","83.18","83.18","83.21","83.18","4.57M","-0.01%"
"Dec 11, 2018","83.19","83.23","83.26","83.18","5.68M","-0.10%"
"Dec 10, 2018","83.27","83.26","83.33","83.24","9.73M","0.00%"
"Dec 07, 2018","83.27","83.19","83.28","83.18","2.08M","0.11%"
"Dec 06, 2018","83.18","83.22","83.30","83.18","4.01M","0.10%"
"Dec 04, 2018","83.10","83.07","83.14","83.07","4.06M","0.07%"
"Dec 03, 2018","83.04","83.06","83.09","83.04","2.83M","-0.25%"
"Nov 30, 2018","83.25","83.22","83.27","83.21","4.71M","0.04%"
"Nov 29, 2018","83.22","83.24","83.25","83.20","2.22M","0.02%"
"Nov 28, 2018","83.20","83.16","83.22","83.14","2.99M","0.04%"
"Nov 27, 2018","83.17","83.15","83.18","83.14","1.56M","0.01%"
"Nov 26, 2018","83.16","83.15","83.16","83.13","1.76M","0.01%"
"Nov 23, 2018","83.15","83.20","83.20","83.15","1.67M","-0.02%"
"Nov 21, 2018","83.17","83.18","83.18","83.15","9.31M","0.00%"
"Nov 20, 2018","83.17","83.18","83.20","83.16","2.31M","-0.02%"
"Nov 19, 2018","83.19","83.12","83.20","83.11","1.55M","0.08%"
"Nov 16, 2018","83.12","83.12","83.14","83.10","1.29M","0.07%"
"Nov 15, 2018","83.06","83.09","83.11","83.04","1.95M","0.05%"
"Nov 14, 2018","83.02","82.97","83.07","82.96","3.33M","0.07%"
"Nov 13, 2018","82.96","82.95","82.98","82.95","2.99M","0.01%"
"Nov 12, 2018","82.95","82.92","82.98","82.92","994.30K","0.07%"
"Nov 09, 2018","82.89","82.86","82.92","82.86","1.23M","0.05%"
"Nov 08, 2018","82.85","82.88","82.88","82.83","1.33M","-0.01%"
"Nov 07, 2018","82.86","82.87","82.88","82.85","1.68M","-0.04%"
"Nov 06, 2018","82.89","82.88","82.90","82.87","4.43M","-0.02%"
"Nov 05, 2018","82.91","82.92","82.92","82.89","2.36M","0.04%"
"Nov 02, 2018","82.88","82.93","82.94","82.88","3.72M","-0.12%"
"Nov 01, 2018","82.98","82.96","82.99","82.94","3.62M","-0.12%"
"Oct 31, 2018","83.08","83.07","83.10","83.05","12.64M","-0.05%"
"Oct 30, 2018","83.12","83.13","83.13","83.09","5.20M","-0.05%"
"Oct 29, 2018","83.16","83.11","83.17","83.10","4.79M","0.04%"
"Oct 26, 2018","83.13","83.14","83.19","83.12","3.80M","0.06%"
"Oct 25, 2018","83.08","83.09","83.10","83.06","2.68M","-0.04%"
"Oct 24, 2018","83.11","83.02","83.11","83.02","2.96M","0.16%"
"Oct 23, 2018","82.98","83.03","83.05","82.98","2.86M","0.06%"
"Oct 22, 2018","82.93","82.94","82.97","82.93","2.03M","-0.02%"
"Oct 19, 2018","82.95","82.99","82.99","82.94","4.10M","-0.06%"
"Oct 18, 2018","83.00","82.93","83.01","82.92","1.33M","0.07%"
"Oct 17, 2018","82.94","82.97","82.99","82.92","1.61M","-0.01%"
"Oct 16, 2018","82.95","82.97","82.97","82.94","2.15M","-0.04%"
"Oct 15, 2018","82.98","82.99","82.99","82.96","1.77M","0.04%"
"Oct 12, 2018","82.95","82.98","83.01","82.95","2.27M","0.00%"
"Oct 11, 2018","82.95","82.96","83.00","82.93","2.12M","0.04%"
"Oct 10, 2018","82.92","82.87","82.93","82.87","1.96M","0.02%"
"Oct 09, 2018","82.90","82.90","82.91","82.88","2.94M","0.04%"
"Oct 08, 2018","82.87","82.89","82.92","82.87","1.60M","-0.02%"
"Oct 05, 2018","82.89","82.88","82.89","82.86","1.69M","-0.01%"
"Oct 04, 2018","82.90","82.87","82.90","82.87","1.25M","-0.02%"
"Oct 03, 2018","82.92","82.94","82.96","82.89","1.47M","-0.05%"
"Oct 02, 2018","82.96","82.95","82.99","82.95","3.06M","0.04%"
"Oct 01, 2018","82.93","82.96","82.97","82.93","3.39M","-0.19%"
"Sep 28, 2018","83.09","83.09","83.11","83.09","2.34M","0.05%"
"Sep 27, 2018","83.05","83.07","83.07","83.05","901.89K","0.00%"
"Sep 26, 2018","83.05","83.03","83.07","83.03","1.33M","0.01%"
"Sep 25, 2018","83.04","83.02","83.04","83.01","1.22M","0.01%"
"Sep 24, 2018","83.03","83.03","83.06","83.02","777.06K","0.00%"
"Sep 21, 2018","83.03","83.03","83.06","83.02","1.87M","-0.02%"
"Sep 20, 2018","83.05","83.00","83.05","83.00","945.28K","0.04%"
"Sep 19, 2018","83.02","83.02","83.03","83.00","659.84K","-0.02%"
"Sep 18, 2018","83.04","83.07","83.07","83.02","860.42K","-0.01%"
"Sep 17, 2018","83.05","83.06","83.08","83.05","2.31M","-0.02%"
"Sep 14, 2018","83.07","83.05","83.08","83.05","718.48K","-0.04%"
"Sep 13, 2018","83.10","83.10","83.11","83.08","687.20K","0.01%"
"Sep 12, 2018","83.09","83.11","83.11","83.07","687.55K","0.00%"
"Sep 11, 2018","83.09","83.09","83.11","83.07","763.70K","-0.06%"
"Sep 10, 2018","83.14","83.14","83.15","83.13","623.81K","0.01%"
"Sep 07, 2018","83.13","83.17","83.17","83.13","835.52K","-0.11%"
"Sep 06, 2018","83.22","83.21","83.25","83.20","5.09M","0.04%"
"Sep 05, 2018","83.19","83.19","83.20","83.17","846.30K","0.00%"
"Sep 04, 2018","83.19","83.20","83.22","83.16","1.36M","-0.18%"
"Aug 31, 2018","83.34","83.34","83.35","83.33","4.05M","0.02%"
"Aug 30, 2018","83.32","83.28","83.32","83.28","1.66M","0.07%"
"Aug 29, 2018","83.26","83.28","83.28","83.24","582.22K","-0.01%"
"Aug 28, 2018","83.27","83.27","83.29","83.26","931.84K","-0.04%"
"Aug 27, 2018","83.30","83.29","83.31","83.29","952.80K","-0.04%"
"Aug 24, 2018","83.33","83.29","83.33","83.29","2.28M","0.01%"
"Aug 23, 2018","83.32","83.33","83.34","83.31","702.73K","-0.01%"
"Aug 22, 2018","83.33","83.32","83.34","83.31","609.77K","0.02%"
"Aug 21, 2018","83.31","83.29","83.31","83.29","1.45M","-0.02%"
"Aug 20, 2018","83.33","83.31","83.33","83.29","761.68K","0.06%"
"Aug 17, 2018","83.28","83.27","83.29","83.26","783.35K","0.04%"
"Aug 16, 2018","83.25","83.25","83.27","83.23","987.98K","-0.02%"
"Aug 15, 2018","83.27","83.25","83.29","83.23","775.02K","0.05%"
"Aug 14, 2018","83.23","83.23","83.23","83.21","1.29M","0.00%"
"Aug 13, 2018","83.23","83.22","83.25","83.21","1.58M","-0.02%"
"Aug 10, 2018","83.25","83.22","83.26","83.21","1.50M","0.10%"
"Aug 09, 2018","83.17","83.14","83.17","83.14","660.69K","0.06%"
"Aug 08, 2018","83.12","83.13","83.13","83.11","1.44M","0.01%"
"Aug 07, 2018","83.11","83.13","83.13","83.09","927.51K","-0.04%"
"Aug 06, 2018","83.14","83.15","83.15","83.13","1.15M","0.02%"
"Aug 03, 2018","83.12","83.10","83.14","83.10","1.37M","0.01%"
"Aug 02, 2018","83.11","83.09","83.11","83.08","1.91M","0.06%"
"Aug 01, 2018","83.06","83.05","83.07","83.04","9.13M","-0.16%"
"Jul 31, 2018","83.19","83.21","83.21","83.19","2.53M","0.00%"
"Jul 30, 2018","83.19","83.19","83.20","83.18","4.20M","0.00%"
"Jul 27, 2018","83.19","83.19","83.20","83.18","1.43M","0.01%"
"Jul 26, 2018","83.18","83.20","83.21","83.15","2.21M","0.00%"
"Jul 25, 2018","83.18","83.21","83.22","83.18","682.78K","-0.04%"
"Jul 24, 2018","83.21","83.21","83.21","83.18","1.56M","0.01%"
"Jul 23, 2018","83.20","83.24","83.25","83.20","1.08M","-0.06%"
"Jul 20, 2018","83.25","83.28","83.29","83.24","1.73M","0.00%"
"Jul 19, 2018","83.25","83.21","83.28","83.21","1.19M","0.05%"
"Jul 18, 2018","83.21","83.23","83.23","83.20","972.80K","-0.01%"
"Jul 17, 2018","83.22","83.24","83.24","83.21","2.83M","-0.01%"
"Jul 16, 2018","83.23","83.22","83.23","83.20","1.53M","-0.02%"
"Jul 13, 2018","83.25","83.25","83.26","83.23","1.24M","0.02%"
"Jul 12, 2018","83.23","83.21","83.23","83.20","1.30M","-0.01%"
"Jul 11, 2018","83.24","83.23","83.24","83.20","953.31K","0.04%"
"Jul 10, 2018","83.21","83.23","83.23","83.20","2.16M","-0.01%"
"Jul 09, 2018","83.22","83.24","83.25","83.22","1.38M","-0.06%"
"Jul 06, 2018","83.27","83.27","83.27","83.25","3.11M","0.02%"
"Jul 05, 2018","83.25","83.25","83.27","83.22","1.89M","-0.01%"
"Jul 03, 2018","83.26","83.23","83.26","83.21","1.33M","0.04%"
"Jul 02, 2018","83.23","83.26","83.26","83.20","3.52M","-0.17%"
"Jun 29, 2018","83.37","83.36","83.38","83.35","4.91M","-0.02%"
"Jun 28, 2018","83.39","83.41","83.41","83.36","1.05M","0.00%"
"Jun 27, 2018","83.39","83.38","83.40","83.35","4.01M","0.06%"
"Jun 26, 2018","83.34","83.34","83.35","83.32","3.13M","0.00%"
"Jun 25, 2018","83.34","83.32","83.35","83.31","721.34K","0.04%"
"Jun 22, 2018","83.31","83.30","83.31","83.28","1.15M","0.01%"
"Jun 21, 2018","83.30","83.26","83.31","83.26","825.38K","0.06%"
"Jun 20, 2018","83.25","83.28","83.29","83.24","1.37M","-0.05%"
"Jun 19, 2018","83.29","83.30","83.30","83.27","2.35M","0.04%"
"Jun 18, 2018","83.26","83.24","83.26","83.23","1.03M","0.02%"
"Jun 15, 2018","83.24","83.24","83.27","83.23","2.66M","0.05%"
"Jun 14, 2018","83.20","83.19","83.21","83.18","1.74M","0.04%"
"Jun 13, 2018","83.17","83.21","83.23","83.14","2.35M","-0.05%"
"Jun 12, 2018","83.21","83.21","83.23","83.21","3.02M","-0.05%"
"Jun 11, 2018","83.25","83.23","83.26","83.21","3.76M","-0.04%"
"Jun 08, 2018","83.28","83.28","83.31","83.26","2.38M","-0.02%"
"Jun 07, 2018","83.30","83.21","83.34","83.21","4.35M","0.10%"
"Jun 06, 2018","83.22","83.22","83.24","83.21","4.98M","-0.04%"
"Jun 05, 2018","83.25","83.24","83.29","83.21","16.97M","0.06%"
"Jun 04, 2018","83.20","83.24","83.26","83.20","1.15M","-0.08%"
"Jun 01, 2018","83.27","83.28","83.30","83.25","3.23M","-0.23%"
"May 31, 2018","83.46","83.49","83.50","83.43","5.75M","-0.05%"
"May 30, 2018","83.50","83.54","83.54","83.47","1.67M","-0.12%"
"May 29, 2018","83.60","83.43","83.64","83.43","2.14M","0.29%"
"May 25, 2018","83.36","83.35","83.38","83.35","612.04K","0.08%"
"May 24, 2018","83.29","83.30","83.33","83.29","1.38M","0.06%"
"May 23, 2018","83.24","83.20","83.27","83.19","1.18M","0.08%"
"May 22, 2018","83.17","83.16","83.18","83.15","793.01K","0.00%"
"May 21, 2018","83.17","83.16","83.17","83.15","1.29M","0.00%"
"May 18, 2018","83.17","83.18","83.20","83.17","922.76K","0.05%"
"May 17, 2018","83.13","83.14","83.14","83.12","1.02M","0.02%"
"May 16, 2018","83.11","83.10","83.12","83.10","704.70K","0.00%"
"May 15, 2018","83.11","83.12","83.14","83.09","1.09M","-0.06%"
"May 14, 2018","83.16","83.17","83.17","83.15","1.02M","0.00%"
"May 11, 2018","83.16","83.18","83.18","83.16","710.18K","0.00%"
"May 10, 2018","83.16","83.19","83.20","83.16","937.87K","0.00%"
"May 09, 2018","83.16","83.17","83.18","83.16","1.01M","-0.04%"
"May 08, 2018","83.19","83.19","83.20","83.18","9.73M","0.00%"
"May 07, 2018","83.19","83.21","83.22","83.19","7.56M","0.00%"
"May 04, 2018","83.19","83.22","83.24","83.18","1.35M","-0.04%"
"May 03, 2018","83.22","83.20","83.23","83.20","2.96M","0.07%"
"May 02, 2018","83.16","83.15","83.17","83.13","1.69M","0.04%"
"May 01, 2018","83.13","83.17","83.18","83.13","2.03M","-0.17%"
"Apr 30, 2018","83.27","83.28","83.30","83.27","1.94M","-0.04%"
"Apr 27, 2018","83.30","83.27","83.30","83.27","1.44M","0.02%"
"Apr 26, 2018","83.28","83.29","83.29","83.25","2.54M","0.02%"
"Apr 25, 2018","83.26","83.23","83.27","83.23","2.18M","-0.01%"
"Apr 24, 2018","83.27","83.22","83.27","83.21","2.00M","0.02%"
"Apr 23, 2018","83.25","83.26","83.26","83.22","1.86M","-0.01%"
"Apr 20, 2018","83.26","83.27","83.29","83.25","904.80K","-0.04%"
"Apr 19, 2018","83.29","83.30","83.31","83.27","1.41M","0.00%"
"Apr 18, 2018","83.29","83.30","83.31","83.28","971.75K","-0.08%"
"Apr 17, 2018","83.36","83.35","83.36","83.33","892.31K","0.00%"
"Apr 16, 2018","83.36","83.35","83.37","83.33","1.16M","-0.01%"
"Apr 13, 2018","83.37","83.37","83.39","83.36","1.04M","-0.02%"
"Apr 12, 2018","83.39","83.41","83.41","83.38","791.08K","-0.06%"
"Apr 11, 2018","83.44","83.44","83.46","83.42","985.65K","0.00%"
"Apr 10, 2018","83.44","83.43","83.46","83.41","1.22M","-0.05%"
"Apr 09, 2018","83.48","83.44","83.48","83.43","1.74M","-0.01%"
"Apr 06, 2018","83.49","83.47","83.49","83.44","1.10M","0.08%"
"Apr 05, 2018","83.42","83.40","83.43","83.40","1.11M","0.02%"
"Apr 04, 2018","83.40","83.47","83.47","83.40","1.72M","-0.06%"
"Apr 03, 2018","83.45","83.47","83.48","83.42","3.42M","-0.05%"
"Apr 02, 2018","83.49","83.45","83.53","83.42","3.05M","-0.08%"
"Mar 29, 2018","83.56","83.50","83.56","83.50","3.00M","0.04%"
"Mar 28, 2018","83.53","83.54","83.57","83.49","1.90M","0.01%"
"Mar 27, 2018","83.52","83.46","83.54","83.46","1.73M","0.07%"
"Mar 26, 2018","83.46","83.48","83.50","83.45","1.73M","-0.05%"
"Mar 23, 2018","83.50","83.48","83.52","83.46","1.20M","0.02%"
"Mar 22, 2018","83.48","83.44","83.51","83.44","1.95M","0.05%"
"Mar 21, 2018","83.44","83.35","83.45","83.33","2.40M","0.07%"
"Mar 20, 2018","83.38","83.39","83.40","83.36","1.07M","-0.04%"
"Mar 19, 2018","83.41","83.40","83.45","83.39","834.90K","0.00%"
"Mar 16, 2018","83.41","83.45","83.45","83.41","878.52K","-0.05%"
"Mar 15, 2018","83.45","83.43","83.47","83.42","1.11M","0.01%"
"Mar 14, 2018","83.44","83.42","83.49","83.40","1.53M","-0.01%"
"Mar 13, 2018","83.45","83.45","83.47","83.43","609.89K","0.02%"
"Mar 12, 2018","83.43","83.43","83.44","83.39","1.28M","0.05%"
"Mar 09, 2018","83.39","83.39","83.43","83.38","668.97K","-0.05%"
"Mar 08, 2018","83.43","83.42","83.44","83.41","608.89K","0.02%"
"Mar 07, 2018","83.41","83.42","83.45","83.40","1.23M","0.00%"
"Mar 06, 2018","83.41","83.43","83.45","83.40","737.31K","-0.01%"
"Mar 05, 2018","83.42","83.45","83.47","83.40","1.11M","-0.01%"
"Mar 02, 2018","83.43","83.45","83.45","83.40","1.72M","-0.05%"
"Mar 01, 2018","83.47","83.39","83.49","83.36","2.05M","0.04%"
"Feb 28, 2018","83.44","83.45","83.47","83.43","3.72M","0.02%"
"Feb 27, 2018","83.42","83.53","83.53","83.41","852.34K","-0.07%"
"Feb 26, 2018","83.48","83.51","83.54","83.48","1.45M","0.01%"
"Feb 23, 2018","83.47","83.47","83.50","83.45","753.81K","0.02%"
"Feb 22, 2018","83.45","83.45","83.46","83.41","839.31K","0.01%"
"Feb 21, 2018","83.44","83.43","83.45","83.38","1.54M","0.01%"
"Feb 20, 2018","83.43","83.41","83.44","83.41","1.45M","-0.01%"
"Feb 16, 2018","83.44","83.37","83.47","83.37","728.34K","0.02%"
"Feb 15, 2018","83.42","83.44","83.46","83.40","1.45M","-0.04%"
"Feb 14, 2018","83.45","83.50","83.50","83.43","953.40K","-0.14%"
"Feb 13, 2018","83.57","83.55","83.57","83.53","1.29M","0.00%"
"Feb 12, 2018","83.57","83.59","83.59","83.54","1.59M","-0.05%"
"Feb 09, 2018","83.61","83.54","83.70","83.52","3.16M","0.08%"
"Feb 08, 2018","83.54","83.53","83.57","83.48","1.18M","0.01%"
"Feb 07, 2018","83.53","83.52","83.58","83.49","2.05M","-0.07%"
"Feb 06, 2018","83.59","83.51","83.65","83.51","2.39M","-0.07%"
"Feb 05, 2018","83.65","83.45","83.68","83.45","2.02M","0.18%"
"Feb 02, 2018","83.50","83.48","83.52","83.44","1.83M","0.01%"
"Feb 01, 2018","83.49","83.52","83.53","83.47","2.24M","-0.14%"
"Jan 31, 2018","83.61","83.64","83.64","83.56","2.08M","0.00%"
"Jan 30, 2018","83.61","83.65","83.65","83.59","1.71M","0.01%"
"Jan 29, 2018","83.60","83.61","83.62","83.58","1.44M","-0.04%"
"Jan 26, 2018","83.63","83.71","83.71","83.62","990.70K","-0.06%"
"Jan 25, 2018","83.68","83.69","83.70","83.64","757.21K","-0.02%"
"Jan 24, 2018","83.70","83.71","83.71","83.67","865.65K","-0.02%"
"Jan 23, 2018","83.72","83.68","83.72","83.68","885.61K","0.06%"
"Jan 22, 2018","83.67","83.68","83.68","83.65","973.55K","-0.05%"
"Jan 19, 2018","83.71","83.70","83.71","83.66","1.05M","0.04%"
"Jan 18, 2018","83.68","83.68","83.70","83.66","1.09M","-0.02%"
"Jan 17, 2018","83.70","83.72","83.72","83.68","2.95M","-0.04%"
"Jan 16, 2018","83.73","83.66","83.75","83.66","2.71M","-0.01%"
"Jan 12, 2018","83.74","83.80","83.80","83.72","904.97K","-0.01%"
"Jan 11, 2018","83.75","83.77","83.79","83.75","1.05M","-0.04%"
"Jan 10, 2018","83.78","83.78","83.78","83.74","789.55K","0.04%"
"Jan 09, 2018","83.75","83.80","83.80","83.75","1.55M","-0.04%"
"Jan 08, 2018","83.78","83.80","83.80","83.76","597.79K","0.00%"
"Jan 05, 2018","83.78","83.77","83.79","83.76","850.60K","0.00%"
"Jan 04, 2018","83.78","83.77","83.80","83.75","955.45K","-0.05%"
"Jan 03, 2018","83.82","83.81","83.84","83.78","1.04M","0.00%"
"Jan 02, 2018","83.82","83.85","83.85","83.79","1.79M","-0.04%"
"Dec 29, 2017","83.85","83.86","83.87","83.84","1.21M","0.02%"
"Dec 28, 2017","83.83","83.81","83.84","83.80","1.11M","0.01%"
"Dec 27, 2017","83.82","83.80","83.82","83.79","1.12M","0.05%"
"Dec 26, 2017","83.78","83.77","83.81","83.77","1.19M","-0.01%"
"Dec 22, 2017","83.79","83.80","83.82","83.79","1.05M","-0.04%"
"Dec 21, 2017","83.82","83.84","83.84","83.80","964.47K","-0.12%"
"Dec 20, 2017","83.92","83.91","83.94","83.90","840.08K","0.01%"
"Dec 19, 2017","83.91","83.94","83.94","83.90","759.98K","-0.05%"
"Dec 18, 2017","83.95","83.96","83.97","83.93","664.91K","0.00%"
"Dec 15, 2017","83.95","83.96","83.96","83.91","983.75K","-0.05%"
"Dec 14, 2017","83.99","84.00","84.00","83.95","1.47M","-0.04%"
"Dec 13, 2017","84.02","84.00","84.07","83.93","1.11M","0.11%"
"Dec 12, 2017","83.93","83.93","83.94","83.90","992.47K","0.00%"
"Dec 11, 2017","83.93","83.98","83.98","83.92","2.43M","-0.05%"
"Dec 08, 2017","83.97","83.99","84.00","83.96","922.96K","0.00%"
"Dec 07, 2017","83.97","83.98","83.98","83.94","1.17M","0.01%"
"Dec 06, 2017","83.96","84.03","84.03","83.94","1.18M","0.05%"
"Dec 05, 2017","83.92","83.96","83.96","83.89","1.42M","-0.01%"
"Dec 04, 2017","83.93","83.97","83.97","83.91","2.44M","-0.06%"
"Dec 01, 2017","83.98","83.98","84.04","83.92","1.13M","-0.07%"
"Nov 30, 2017","84.04","84.11","84.11","84.02","1.01M","-0.05%"
"Nov 29, 2017","84.08","84.08","84.09","84.05","670.57K","-0.04%"
"Nov 28, 2017","84.11","84.13","84.13","84.08","564.26K","0.01%"
"Nov 27, 2017","84.10","84.09","84.12","84.07","1.08M","0.00%"
"Nov 24, 2017","84.10","84.16","84.16","84.08","626.02K","0.00%"
"Nov 22, 2017","84.10","84.08","84.12","84.06","900.95K","0.08%"
"Nov 21, 2017","84.03","84.07","84.07","84.02","584.56K","-0.02%"
"Nov 20, 2017","84.05","84.11","84.11","84.05","557.56K","-0.04%"
"Nov 17, 2017","84.08","84.14","84.14","84.08","1.34M","-0.06%"
"Nov 16, 2017","84.13","84.10","84.13","84.08","3.05M","0.01%"
"Nov 15, 2017","84.12","84.18","84.18","84.11","3.98M","-0.04%"
"Nov 14, 2017","84.15","84.13","84.15","84.12","2.68M","0.02%"
"Nov 13, 2017","84.13","84.16","84.17","84.13","632.78K","-0.01%"
"Nov 10, 2017","84.14","84.21","84.21","84.14","619.26K","-0.04%"
"Nov 09, 2017","84.17","84.18","84.22","84.16","769.17K","-0.01%"
"Nov 08, 2017","84.18","84.18","84.22","84.17","726.52K","-0.01%"
"Nov 07, 2017","84.19","84.23","84.23","84.19","747.21K","-0.05%"
"Nov 06, 2017","84.23","84.19","84.23","84.19","947.41K","0.06%"
"Nov 03, 2017","84.18","84.26","84.26","84.18","1.30M","-0.06%"
"Nov 02, 2017","84.23","84.23","84.24","84.18","1.82M","0.02%"
"Nov 01, 2017","84.21","84.17","84.21","84.17","840.32K","-0.11%"
"Oct 31, 2017","84.30","84.35","84.35","84.28","626.08K","-0.06%"
"Oct 30, 2017","84.35","84.34","84.35","84.30","432.43K","0.05%"
"Oct 27, 2017","84.31","84.25","84.32","84.24","698.16K","0.07%"
"Oct 26, 2017","84.25","84.27","84.29","84.24","554.08K","0.00%"
"Oct 25, 2017","84.25","84.25","84.30","84.25","1.73M","-0.02%"
"Oct 24, 2017","84.27","84.30","84.30","84.27","2.55M","-0.02%"
"Oct 23, 2017","84.29","84.29","84.32","84.29","582.19K","0.00%"
"Oct 20, 2017","84.29","84.30","84.32","84.27","437.07K","-0.06%"
"Oct 19, 2017","84.34","84.31","84.35","84.30","524.29K","0.06%"
"Oct 18, 2017","84.29","84.26","84.30","84.25","500.09K","-0.04%"
"Oct 17, 2017","84.32","84.29","84.32","84.29","818.85K","0.01%"
"Oct 16, 2017","84.31","84.34","84.36","84.30","586.70K","-0.09%"
"Oct 13, 2017","84.39","84.37","84.39","84.35","667.77K","0.06%"
"Oct 12, 2017","84.34","84.33","84.36","84.33","1.25M","-0.01%"
"Oct 11, 2017","84.35","84.34","84.36","84.32","1.21M","-0.01%"
"Oct 10, 2017","84.36","84.33","84.38","84.33","700.80K","0.02%"
"Oct 09, 2017","84.34","84.39","84.42","84.33","504.00K","0.00%"
"Oct 06, 2017","84.34","84.30","84.37","84.29","699.23K","-0.04%"
"Oct 05, 2017","84.37","84.36","84.38","84.34","2.33M","-0.21%"
"Oct 04, 2017","84.55","84.38","84.55","84.35","1.18M","0.19%"
"Oct 03, 2017","84.39","84.37","84.41","84.35","1.17M","-0.06%"
"Oct 02, 2017","84.44","84.38","84.44","84.33","1.09M","-0.01%"
"Sep 29, 2017","84.45","84.48","84.50","84.42","880.73K","-0.02%"
"Sep 28, 2017","84.47","84.47","84.49","84.45","290.85K","0.01%"
"Sep 27, 2017","84.46","84.44","84.46","84.44","462.41K","-0.01%"
"Sep 26, 2017","84.47","84.49","84.50","84.47","922.43K","-0.02%"
"Sep 25, 2017","84.49","84.47","84.52","84.46","587.74K","0.06%"
"Sep 22, 2017","84.44","84.47","84.50","84.44","529.85K","0.02%"
"Sep 21, 2017","84.42","84.45","84.48","84.42","949.79K","-0.02%"
"Sep 20, 2017","84.44","84.54","84.55","84.44","830.93K","-0.08%"
"Sep 19, 2017","84.51","84.52","84.53","84.50","433.26K","0.01%"
"Sep 18, 2017","84.50","84.50","84.53","84.50","621.68K","-0.06%"
"Sep 15, 2017","84.55","84.56","84.56","84.52","581.64K","-0.01%"
"Sep 14, 2017","84.56","84.53","84.57","84.52","849.21K","0.01%"
"Sep 13, 2017","84.55","84.59","84.59","84.55","568.33K","-0.02%"
"Sep 12, 2017","84.57","84.60","84.62","84.57","1.75M","-0.05%"
"Sep 11, 2017","84.61","84.66","84.67","84.61","1.05M","-0.09%"
"Sep 08, 2017","84.69","84.70","84.72","84.68","486.80K","-0.02%"
"Sep 07, 2017","84.71","84.69","84.72","84.67","482.99K","0.06%"
"Sep 06, 2017","84.66","84.66","84.68","84.63","1.12M","-0.01%"
"Sep 05, 2017","84.67","84.63","84.68","84.62","853.81K","0.09%"
"Sep 01, 2017","84.59","84.60","84.62","84.55","943.57K","-0.11%"
"Aug 31, 2017","84.68","84.67","84.68","84.65","582.50K","0.00%"
"Aug 30, 2017","84.68","84.66","84.68","84.64","665.67K","0.02%"
"Aug 29, 2017","84.66","84.70","84.70","84.65","1.18M","0.05%"
"Aug 28, 2017","84.62","84.64","84.65","84.61","866.27K","-0.04%"
"Aug 25, 2017","84.65","84.62","84.65","84.59","513.67K","0.04%"
"Aug 24, 2017","84.62","84.64","84.64","84.60","494.81K","-0.09%"
"Aug 23, 2017","84.70","84.62","84.70","84.62","438.31K","0.09%"
"Aug 22, 2017","84.62","84.63","84.63","84.59","1.01M","-0.01%"
"Aug 21, 2017","84.63","84.62","84.66","84.62","928.71K","0.02%"
"Aug 18, 2017","84.61","84.66","84.67","84.61","674.00K","-0.01%"
"Aug 17, 2017","84.62","84.60","84.64","84.58","581.41K","0.02%"
"Aug 16, 2017","84.60","84.53","84.61","84.53","655.49K","0.06%"
"Aug 15, 2017","84.55","84.56","84.57","84.54","432.27K","-0.05%"
"Aug 14, 2017","84.59","84.63","84.64","84.58","405.54K","-0.08%"
"Aug 11, 2017","84.66","84.58","84.66","84.58","737.06K","0.13%"
"Aug 10, 2017","84.55","84.55","84.58","84.55","959.71K","0.04%"
"Aug 09, 2017","84.52","84.57","84.60","84.52","734.28K","-0.01%"
"Aug 08, 2017","84.53","84.53","84.53","84.49","747.23K","0.00%"
"Aug 07, 2017","84.53","84.51","84.53","84.50","712.27K","0.04%"
"Aug 04, 2017","84.50","84.52","84.53","84.50","617.15K","-0.04%"
"Aug 03, 2017","84.53","84.53","84.55","84.51","1.15M","0.04%"
"Aug 02, 2017","84.50","84.49","84.53","84.49","994.22K","-0.05%"
"Aug 01, 2017","84.54","84.49","84.54","84.49","1.31M","-0.05%"
"Jul 31, 2017","84.58","84.56","84.59","84.56","876.41K","-0.01%"
"Jul 28, 2017","84.59","84.56","84.59","84.55","709.06K","0.06%"
"Jul 27, 2017","84.54","84.54","84.56","84.53","475.38K","-0.02%"
"Jul 26, 2017","84.56","84.50","84.57","84.50","493.36K","0.07%"
"Jul 25, 2017","84.50","84.51","84.52","84.48","571.60K","-0.06%"
"Jul 24, 2017","84.55","84.54","84.56","84.54","441.03K","-0.04%"
"Jul 21, 2017","84.58","84.55","84.58","84.55","589.57K","0.05%"
"Jul 20, 2017","84.54","84.55","84.56","84.53","1.08M","0.00%"
"Jul 19, 2017","84.54","84.53","84.54","84.52","919.02K","0.00%"
"Jul 18, 2017","84.54","84.52","84.54","84.52","625.55K","0.02%"
"Jul 17, 2017","84.52","84.50","84.53","84.49","496.74K","0.01%"
"Jul 14, 2017","84.51","84.54","84.55","84.50","1.36M","0.05%"
"Jul 13, 2017","84.47","84.48","84.50","84.46","532.21K","-0.05%"
"Jul 12, 2017","84.51","84.51","84.53","84.48","1.07M","0.05%"
"Jul 11, 2017","84.47","84.42","84.47","84.42","1.62M","0.04%"
"Jul 10, 2017","84.44","84.43","84.44","84.42","402.53K","0.05%"
"Jul 07, 2017","84.40","84.41","84.43","84.38","783.12K","-0.01%"
"Jul 06, 2017","84.41","84.39","84.41","84.37","652.86K","0.02%"
"Jul 05, 2017","84.39","84.36","84.41","84.35","3.03M","0.04%"
"Jul 03, 2017","84.36","84.42","84.42","84.35","968.10K","-0.15%"
"Jun 30, 2017","84.49","84.52","84.52","84.47","825.03K","0.00%"
"Jun 29, 2017","84.49","84.48","84.51","84.48","565.53K","-0.06%"
"Jun 28, 2017","84.54","84.52","84.54","84.51","4.03M","0.05%"
"Jun 27, 2017","84.50","84.50","84.51","84.48","1.19M","-0.06%"
"Jun 26, 2017","84.55","84.52","84.55","84.52","1.07M","0.00%"
"Jun 23, 2017","84.55","84.53","84.55","84.51","679.04K","0.06%"
"Jun 22, 2017","84.50","84.52","84.54","84.50","542.01K","0.01%"
"Jun 21, 2017","84.49","84.46","84.51","84.46","1.07M","0.01%"
"Jun 20, 2017","84.48","84.45","84.49","84.45","751.45K","0.01%"
"Jun 19, 2017","84.47","84.48","84.49","84.45","617.65K","-0.06%"
"Jun 16, 2017","84.52","84.50","84.54","84.50","685.62K","0.05%"
"Jun 15, 2017","84.48","84.49","84.49","84.47","627.99K","-0.04%"
"Jun 14, 2017","84.51","84.56","84.60","84.49","788.75K","0.05%"
"Jun 13, 2017","84.47","84.45","84.48","84.45","533.29K","0.00%"
"Jun 12, 2017","84.47","84.46","84.50","84.46","804.69K","-0.01%"
"Jun 09, 2017","84.48","84.48","84.51","84.47","1.26M","-0.04%"
"Jun 08, 2017","84.51","84.51","84.53","84.50","2.62M","-0.02%"
"Jun 07, 2017","84.53","84.53","84.55","84.52","765.93K","-0.04%"
"Jun 06, 2017","84.56","84.57","84.58","84.55","688.01K","0.04%"
"Jun 05, 2017","84.53","84.55","84.55","84.53","661.48K","-0.08%"
"Jun 02, 2017","84.60","84.57","84.60","84.56","1.07M","0.07%"
"Jun 01, 2017","84.54","84.50","84.54","84.50","1.19M","-0.09%"
"May 31, 2017","84.62","84.62","84.63","84.60","1.04M","0.01%"
"May 30, 2017","84.61","84.60","84.61","84.59","486.61K","0.04%"
"May 26, 2017","84.58","84.59","84.60","84.57","482.09K","-0.01%"
"May 25, 2017","84.59","84.57","84.60","84.57","644.31K","0.00%"
"May 24, 2017","84.59","84.55","84.59","84.52","1.12M","0.06%"
"May 23, 2017","84.54","84.58","84.60","84.51","1.06M","-0.04%"
"May 22, 2017","84.57","84.58","84.59","84.57","478.05K","-0.04%"
"May 19, 2017","84.60","84.61","84.61","84.56","503.80K","0.02%"
"May 18, 2017","84.58","84.62","84.62","84.58","829.07K","-0.05%"
"May 17, 2017","84.62","84.59","84.64","84.58","663.20K","0.11%"
"May 16, 2017","84.53","84.52","84.55","84.50","611.90K","0.00%"
"May 15, 2017","84.53","84.51","84.54","84.51","751.44K","-0.01%"
"May 12, 2017","84.54","84.50","84.55","84.50","470.54K","0.12%"
"May 11, 2017","84.44","84.39","84.46","84.39","545.69K","0.01%"
"May 10, 2017","84.43","84.45","84.45","84.41","665.67K","0.02%"
"May 09, 2017","84.41","84.42","84.44","84.40","802.12K","-0.05%"
"May 08, 2017","84.45","84.47","84.47","84.43","633.48K","-0.05%"
"May 05, 2017","84.49","84.46","84.49","84.45","615.21K","0.04%"
"May 04, 2017","84.46","84.45","84.48","84.44","817.36K","-0.01%"
"May 03, 2017","84.47","84.53","84.53","84.47","923.39K","-0.07%"
"May 02, 2017","84.53","84.50","84.55","84.50","982.54K","0.04%"
"May 01, 2017","84.50","84.52","84.55","84.49","2.92M","-0.14%"
"Apr 28, 2017","84.62","84.57","84.62","84.56","1.71M","0.05%"
"Apr 27, 2017","84.58","84.56","84.62","84.56","785.17K","0.04%"
"Apr 26, 2017","84.55","84.55","84.57","84.52","594.26K","0.04%"
"Apr 25, 2017","84.52","84.56","84.57","84.52","905.94K","-0.09%"
"Apr 24, 2017","84.60","84.59","84.62","84.57","1.00M","-0.11%"
"Apr 21, 2017","84.69","84.67","84.70","84.66","589.75K","0.05%"
"Apr 20, 2017","84.65","84.64","84.67","84.63","668.29K","-0.01%"
"Apr 19, 2017","84.66","84.67","84.69","84.65","968.33K","-0.05%"
"Apr 18, 2017","84.70","84.65","84.70","84.65","905.33K","0.08%"
"Apr 17, 2017","84.63","84.63","84.65","84.61","727.66K","-0.01%"
"Apr 13, 2017","84.64","84.59","84.64","84.58","969.91K","0.05%"
"Apr 12, 2017","84.60","84.56","84.60","84.53","576.24K","0.07%"
"Apr 11, 2017","84.54","84.50","84.57","84.50","560.80K","0.09%"
"Apr 10, 2017","84.46","84.45","84.49","84.44","605.73K","0.05%"
"Apr 07, 2017","84.42","84.51","84.54","84.42","504.02K","-0.13%"
"Apr 06, 2017","84.53","84.50","84.53","84.49","500.83K","0.02%"
"Apr 05, 2017","84.51","84.50","84.54","84.47","1.18M","0.00%"
"Apr 04, 2017","84.51","84.52","84.52","84.49","927.10K","-0.04%"
"Apr 03, 2017","84.54","84.48","84.54","84.48","2.15M","0.02%"
"Mar 31, 2017","84.52","84.53","84.56","84.52","949.92K","0.01%"
"Mar 30, 2017","84.51","84.50","84.53","84.49","576.91K","-0.02%"
"Mar 29, 2017","84.53","84.50","84.53","84.50","1.04M","0.06%"
"Mar 28, 2017","84.48","84.54","84.55","84.46","782.61K","-0.05%"
"Mar 27, 2017","84.52","84.54","84.57","84.51","943.41K","0.04%"
"Mar 24, 2017","84.49","84.48","84.52","84.47","1.12M","0.00%"
"Mar 23, 2017","84.49","84.51","84.53","84.46","868.20K","0.00%"
"Mar 22, 2017","84.49","84.51","84.53","84.49","1.03M","0.02%"
"Mar 21, 2017","84.47","84.42","84.48","84.41","739.00K","0.05%"
"Mar 20, 2017","84.43","84.40","84.43","84.38","778.05K","0.06%"
"Mar 17, 2017","84.38","84.38","84.41","84.36","657.77K","0.05%"
"Mar 16, 2017","84.34","84.35","84.39","84.34","925.73K","-0.07%"
"Mar 15, 2017","84.40","84.26","84.41","84.24","1.10M","0.19%"
"Mar 14, 2017","84.24","84.24","84.29","84.24","966.02K","-0.01%"
"Mar 13, 2017","84.25","84.28","84.29","84.25","884.10K","-0.05%"
"Mar 10, 2017","84.29","84.26","84.29","84.25","784.47K","0.06%"
"Mar 09, 2017","84.24","84.26","84.27","84.23","862.88K","-0.01%"
"Mar 08, 2017","84.25","84.25","84.29","84.24","862.70K","-0.08%"
"Mar 07, 2017","84.32","84.33","84.34","84.30","652.60K","-0.04%"
"Mar 06, 2017","84.35","84.34","84.36","84.33","684.61K","0.02%"
"Mar 03, 2017","84.33","84.32","84.36","84.30","1.57M","0.02%"
"Mar 02, 2017","84.31","84.35","84.36","84.29","930.25K","-0.11%"
"Mar 01, 2017","84.40","84.37","84.40","84.36","1.54M","-0.14%"
"Feb 28, 2017","84.52","84.57","84.60","84.52","1.04M","-0.05%"
"Feb 27, 2017","84.56","84.64","84.64","84.55","1.03M","-0.08%"
"Feb 24, 2017","84.63","84.62","84.67","84.62","587.86K","0.05%"
"Feb 23, 2017","84.59","84.57","84.60","84.57","1.52M","0.05%"
"Feb 22, 2017","84.55","84.55","84.57","84.49","695.33K","0.02%"
"Feb 21, 2017","84.53","84.51","84.53","84.49","840.37K","0.01%"
"Feb 17, 2017","84.52","84.53","84.54","84.50","986.60K","0.07%"
"Feb 16, 2017","84.46","84.45","84.50","84.43","1.93M","0.05%"
"Feb 15, 2017","84.42","84.40","84.44","84.39","963.95K","-0.04%"
"Feb 14, 2017","84.45","84.49","84.51","84.43","781.14K","-0.07%"
"Feb 13, 2017","84.51","84.50","84.52","84.49","666.03K","-0.02%"
"Feb 10, 2017","84.53","84.51","84.55","84.51","968.38K","-0.01%"
"Feb 09, 2017","84.54","84.58","84.59","84.52","1.15M","-0.08%"
"Feb 08, 2017","84.61","84.57","84.61","84.55","1.20M","0.09%"
"Feb 07, 2017","84.53","84.56","84.58","84.53","729.96K","-0.02%"
"Feb 06, 2017","84.55","84.53","84.57","84.52","1.66M","0.11%"
"Feb 03, 2017","84.46","84.52","84.55","84.46","1.43M","-0.04%"
"Feb 02, 2017","84.49","84.48","84.51","84.47","1.34M","0.04%"
"Feb 01, 2017","84.46","84.41","84.50","84.38","2.08M","-0.09%"
"Jan 31, 2017","84.54","84.51","84.57","84.51","1.21M","0.02%"
"Jan 30, 2017","84.52","84.52","84.54","84.50","1.38M","0.00%"
"Jan 27, 2017","84.52","84.49","84.53","84.49","1.18M","0.05%"
"Jan 26, 2017","84.48","84.46","84.50","84.44","1.66M","0.01%"
"Jan 25, 2017","84.47","84.48","84.48","84.44","1.45M","-0.02%"
"Jan 24, 2017","84.49","84.53","84.53","84.48","5.30M","-0.06%"
"Jan 23, 2017","84.54","84.52","84.57","84.49","1.55M","0.09%"
"Jan 20, 2017","84.46","84.42","84.50","84.42","1.13M","0.06%"
"Jan 19, 2017","84.41","84.39","84.44","84.39","963.53K","-0.04%"
"Jan 18, 2017","84.44","84.49","84.52","84.42","996.06K","-0.09%"
"Jan 17, 2017","84.52","84.53","84.55","84.50","1.33M","0.07%"
"Jan 13, 2017","84.46","84.46","84.46","84.39","1.44M","-0.05%"
"Jan 12, 2017","84.50","84.50","84.50","84.46","820.91K","0.04%"
"Jan 11, 2017","84.47","84.47","84.50","84.42","1.17M","0.05%"
"Jan 10, 2017","84.43","84.44","84.45","84.43","1.13M","-0.04%"
"Jan 09, 2017","84.46","84.43","84.46","84.42","1.01M","0.08%"
"Jan 06, 2017","84.39","84.41","84.43","84.38","919.03K","-0.08%"
"Jan 05, 2017","84.46","84.41","84.49","84.40","1.61M","0.07%"
"Jan 04, 2017","84.40","84.35","84.40","84.35","2.18M","0.02%"
"Jan 03, 2017","84.38","84.37","84.41","84.35","4.20M","-0.08%"
"Dec 30, 2016","84.45","84.43","84.46","84.42","1.21M","0.04%"
"Dec 29, 2016","84.42","84.36","84.42","84.35","1.27M","0.11%"
"Dec 28, 2016","84.33","84.30","84.35","84.28","1.31M","0.04%"
"Dec 27, 2016","84.30","84.29","84.31","84.28","893.65K","-0.05%"
"Dec 23, 2016","84.34","84.34","84.34","84.32","1.06M","0.00%"
"Dec 22, 2016","84.34","84.31","84.34","84.30","1.39M","-0.05%"
"Dec 21, 2016","84.38","84.35","84.38","84.34","1.66M","0.05%"
"Dec 20, 2016","84.34","84.29","84.35","84.28","1.09M","0.01%"
"Dec 19, 2016","84.33","84.31","84.35","84.31","1.26M","0.05%"
"Dec 16, 2016","84.29","84.27","84.33","84.26","937.93K","0.05%"
"Dec 15, 2016","84.25","84.25","84.29","84.23","1.36M","-0.05%"
"Dec 14, 2016","84.29","84.45","84.46","84.25","1.16M","-0.19%"
"Dec 13, 2016","84.45","84.46","84.46","84.41","1.93M","-0.01%"
"Dec 12, 2016","84.46","84.46","84.49","84.45","931.31K","-0.04%"
"Dec 09, 2016","84.49","84.52","84.52","84.46","1.32M","-0.01%"
"Dec 08, 2016","84.50","84.48","84.52","84.48","1.27M","-0.01%"
"Dec 07, 2016","84.51","84.52","84.53","84.50","1.28M","0.04%"
"Dec 06, 2016","84.48","84.51","84.51","84.47","1.33M","-0.02%"
"Dec 05, 2016","84.50","84.47","84.52","84.44","1.79M","0.00%"
"Dec 02, 2016","84.50","84.49","84.52","84.47","2.45M","0.11%"
"Dec 01, 2016","84.41","84.40","84.45","84.38","6.25M","-0.11%"
"Nov 30, 2016","84.50","84.50","84.54","84.50","1.45M","-0.04%"
"Nov 29, 2016","84.53","84.50","84.57","84.50","1.23M","0.01%"
"Nov 28, 2016","84.52","84.49","84.55","84.49","1.13M","0.06%"
"Nov 25, 2016","84.47","84.47","84.51","84.46","347.45K","-0.01%"
"Nov 23, 2016","84.48","84.47","84.52","84.45","1.43M","-0.06%"
"Nov 22, 2016","84.53","84.53","84.58","84.52","2.12M","-0.02%"
"Nov 21, 2016","84.55","84.55","84.58","84.51","889.34K","-0.01%"
"Nov 18, 2016","84.56","84.59","84.61","84.53","2.04M","-0.06%"
"Nov 17, 2016","84.61","84.62","84.63","84.59","1.15M","-0.01%"
"Nov 16, 2016","84.62","84.61","84.64","84.58","1.01M","-0.01%"
"Nov 15, 2016","84.63","84.60","84.63","84.59","2.08M","0.04%"
"Nov 14, 2016","84.60","84.64","84.69","84.60","18.31M","-0.15%"
"Nov 11, 2016","84.73","84.75","84.77","84.70","3.40M","0.00%"
"Nov 10, 2016","84.73","84.79","84.84","84.73","1.93M","-0.04%"
"Nov 09, 2016","84.76","84.89","84.91","84.76","1.78M","-0.13%"
"Nov 08, 2016","84.87","84.93","84.94","84.86","1.94M","-0.11%"
"Nov 07, 2016","84.96","84.93","84.96","84.92","2.70M","-0.04%"
"Nov 04, 2016","84.99","84.95","85.00","84.94","2.11M","0.04%"
"Nov 03, 2016","84.96","84.92","84.96","84.92","2.62M","0.01%"
"Nov 02, 2016","84.95","84.93","84.97","84.91","1.52M","0.06%"
"Nov 01, 2016","84.90","84.87","84.94","84.86","8.24M","-0.06%"
"Oct 31, 2016","84.95","84.92","84.95","84.92","1.35M","0.07%"
"Oct 28, 2016","84.89","84.86","84.93","84.86","1.23M","0.00%"
"Oct 27, 2016","84.89","84.87","84.89","84.84","724.78K","0.02%"
"Oct 26, 2016","84.87","84.88","84.89","84.86","516.96K","-0.04%"
"Oct 25, 2016","84.90","84.89","84.92","84.87","3.76M","0.00%"
"Oct 24, 2016","84.90","84.92","84.93","84.88","582.60K","-0.04%"
"Oct 21, 2016","84.93","84.93","84.94","84.90","1.04M","0.02%"
"Oct 20, 2016","84.91","84.95","84.95","84.90","2.59M","-0.05%"
"Oct 19, 2016","84.95","84.93","84.96","84.92","643.28K","0.00%"
"Oct 18, 2016","84.95","84.92","84.95","84.88","2.07M","0.04%"
"Oct 17, 2016","84.92","84.90","84.93","84.89","3.86M","0.08%"
"Oct 14, 2016","84.85","84.87","84.90","84.85","1.48M","-0.02%"
"Oct 13, 2016","84.87","84.86","84.89","84.84","5.12M","0.04%"
"Oct 12, 2016","84.84","84.83","84.84","84.80","1.31M","0.00%"
"Oct 11, 2016","84.84","84.82","84.85","84.82","1.26M","-0.01%"
"Oct 10, 2016","84.85","84.86","84.87","84.83","923.99K","-0.05%"
"Oct 07, 2016","84.89","84.88","84.91","84.86","809.03K","0.04%"
"Oct 06, 2016","84.86","84.86","84.91","84.85","679.47K","0.00%"
"Oct 05, 2016","84.86","84.94","84.94","84.86","1.64M","-0.06%"
"Oct 04, 2016","84.91","84.95","84.95","84.90","933.09K","-0.08%"
"Oct 03, 2016","84.98","84.99","84.99","84.95","1.65M","-0.07%"
"Sep 30, 2016","85.04","85.10","85.11","85.04","1.38M","-0.08%"
"Sep 29, 2016","85.11","85.05","85.11","85.03","1.16M","0.04%"
"Sep 28, 2016","85.08","85.07","85.09","85.06","1.02M","-0.01%"
"Sep 27, 2016","85.09","85.11","85.11","85.06","645.34K","0.01%"
"Sep 26, 2016","85.08","85.05","85.09","85.03","786.34K","0.06%"
"Sep 23, 2016","85.03","85.00","85.03","84.98","7.02M","0.06%"
"Sep 22, 2016","84.98","84.99","85.02","84.97","759.60K","-0.02%"
"Sep 21, 2016","85.00","84.96","85.00","84.91","816.34K","0.02%"
"Sep 20, 2016","84.98","85.00","85.01","84.98","984.27K","-0.02%"
"Sep 19, 2016","85.00","85.00","85.02","84.99","657.73K","-0.02%"
"Sep 16, 2016","85.02","85.02","85.05","85.00","846.17K","-0.05%"
"Sep 15, 2016","85.06","85.01","85.08","84.99","10.60M","0.08%"
"Sep 14, 2016","84.99","84.96","85.02","84.96","1.63M","0.06%"
"Sep 13, 2016","84.94","84.99","85.00","84.91","1.11M","-0.04%"
"Sep 12, 2016","84.97","84.95","85.01","84.94","2.12M","0.04%"
"Sep 09, 2016","84.94","84.95","84.98","84.93","2.73M","-0.04%"
"Sep 08, 2016","84.97","85.02","85.04","84.97","614.17K","-0.07%"
"Sep 07, 2016","85.03","85.06","85.08","85.03","1.05M","0.00%"
"Sep 06, 2016","85.03","84.96","85.08","84.95","1.34M","0.07%"
"Sep 02, 2016","84.97","84.98","84.99","84.92","726.05K","0.00%"
"Sep 01, 2016","84.97","84.91","84.98","84.89","1.19M","-0.01%"
"Aug 31, 2016","84.98","85.00","85.03","84.98","937.44K","-0.01%"
"Aug 30, 2016","84.99","84.99","85.01","84.97","480.39K","0.01%"
"Aug 29, 2016","84.98","84.93","85.00","84.93","473.56K","0.06%"
"Aug 26, 2016","84.93","85.02","85.06","84.93","709.81K","-0.09%"
"Aug 25, 2016","85.01","85.04","85.04","85.00","547.35K","-0.04%"
"Aug 24, 2016","85.04","85.08","85.08","85.04","466.43K","-0.02%"
"Aug 23, 2016","85.06","85.05","85.08","85.04","455.21K","0.01%"
"Aug 22, 2016","85.05","85.07","85.08","85.05","480.05K","0.01%"
"Aug 19, 2016","85.04","85.06","85.08","85.03","589.99K","-0.09%"
"Aug 18, 2016","85.12","85.07","85.12","85.04","696.53K","0.07%"
"Aug 17, 2016","85.06","85.03","85.10","85.00","1.22M","0.00%"
"Aug 16, 2016","85.06","85.05","85.07","85.03","774.44K","-0.04%"
"Aug 15, 2016","85.09","85.08","85.10","85.06","873.24K","-0.02%"
"Aug 12, 2016","85.11","85.14","85.15","85.09","584.10K","0.07%"
"Aug 11, 2016","85.05","85.13","85.13","85.02","929.61K","-0.09%"
"Aug 10, 2016","85.13","85.11","85.13","85.09","971.95K","0.05%"
"Aug 09, 2016","85.09","85.06","85.09","85.03","2.34M","0.06%"
"Aug 08, 2016","85.04","85.04","85.07","85.02","2.58M","-0.04%"
"Aug 05, 2016","85.07","85.12","85.12","85.05","1.17M","-0.14%"
"Aug 04, 2016","85.19","85.17","85.20","85.16","610.47K","0.07%"
"Aug 03, 2016","85.13","85.15","85.16","85.10","3.37M","0.01%"
"Aug 02, 2016","85.12","85.11","85.16","85.08","967.66K","-0.04%"
"Aug 01, 2016","85.15","85.11","85.15","85.11","3.05M","-0.09%"
"Jul 29, 2016","85.23","85.18","85.23","85.17","1.04M","0.13%"
"Jul 28, 2016","85.12","85.12","85.15","85.10","913.68K","-0.01%"
"Jul 27, 2016","85.13","85.07","85.13","85.05","657.42K","0.07%"
"Jul 26, 2016","85.07","85.09","85.09","85.04","1.35M","0.01%"
"Jul 25, 2016","85.06","85.10","85.11","85.06","803.52K","-0.07%"
"Jul 22, 2016","85.12","85.11","85.14","85.10","382.70K","-0.04%"
"Jul 21, 2016","85.15","85.08","85.15","85.07","465.50K","0.07%"
"Jul 20, 2016","85.09","85.09","85.11","85.07","627.52K","-0.05%"
"Jul 19, 2016","85.13","85.11","85.13","85.09","739.41K","0.01%"
"Jul 18, 2016","85.12","85.11","85.13","85.09","867.83K","0.06%"
"Jul 15, 2016","85.07","85.10","85.10","85.06","1.53M","-0.05%"
"Jul 14, 2016","85.11","85.10","85.15","85.09","638.48K","-0.06%"
"Jul 13, 2016","85.16","85.17","85.18","85.14","836.60K","0.02%"
"Jul 12, 2016","85.14","85.17","85.17","85.11","5.99M","-0.04%"
"Jul 11, 2016","85.17","85.21","85.23","85.17","1.62M","-0.11%"
"Jul 08, 2016","85.26","85.24","85.27","85.20","1.16M","0.00%"
"Jul 07, 2016","85.26","85.27","85.30","85.24","1.09M","-0.05%"
"Jul 06, 2016","85.30","85.31","85.34","85.28","5.74M","-0.05%"
"Jul 05, 2016","85.34","85.31","85.35","85.29","1.97M","0.05%"
"Jul 01, 2016","85.30","85.33","85.33","85.25","3.69M","-0.02%"
"Jun 30, 2016","85.32","85.29","85.34","85.26","2.28M","0.05%"
"Jun 29, 2016","85.28","85.25","85.29","85.25","838.78K","-0.04%"
"Jun 28, 2016","85.31","85.27","85.31","85.25","1.59M","0.04%"
"Jun 27, 2016","85.28","85.30","85.35","85.28","1.17M","0.09%"
"Jun 24, 2016","85.20","85.28","85.30","85.20","2.32M","0.20%"
"Jun 23, 2016","85.03","85.03","85.05","85.00","2.30M","-0.04%"
"Jun 22, 2016","85.06","85.07","85.08","85.04","1.74M","0.04%"
"Jun 21, 2016","85.03","85.07","85.10","85.03","919.06K","-0.07%"
"Jun 20, 2016","85.09","85.08","85.10","85.05","1.70M","-0.06%"
"Jun 17, 2016","85.14","85.14","85.16","85.11","1.57M","0.01%"
"Jun 16, 2016","85.13","85.18","85.20","85.12","1.13M","-0.06%"
"Jun 15, 2016","85.18","85.07","85.32","85.07","785.72K","0.12%"
"Jun 14, 2016","85.08","85.13","85.13","85.07","990.22K","0.01%"
"Jun 13, 2016","85.07","85.08","85.11","85.07","610.52K","0.02%"
"Jun 10, 2016","85.05","85.01","85.07","85.01","425.14K","0.06%"
"Jun 09, 2016","85.00","85.02","85.02","84.98","794.40K","0.02%"
"Jun 08, 2016","84.98","84.95","84.99","84.95","906.63K","0.02%"
"Jun 07, 2016","84.96","84.96","84.99","84.95","624.77K","0.02%"
"Jun 06, 2016","84.94","84.95","84.98","84.91","672.10K","-0.02%"
"Jun 03, 2016","84.96","84.97","84.99","84.95","1.88M","0.17%"
"Jun 02, 2016","84.82","84.78","84.82","84.78","4.57M","0.08%"
"Jun 01, 2016","84.75","84.81","84.84","84.75","1.48M","-0.13%"
"May 31, 2016","84.86","84.78","84.89","84.78","1.37M","0.05%"
"May 27, 2016","84.82","84.87","84.89","84.79","696.21K","-0.06%"
"May 26, 2016","84.87","84.85","84.89","84.83","1.25M","0.06%"
"May 25, 2016","84.82","84.80","84.82","84.77","5.24M","0.06%"
"May 24, 2016","84.77","84.80","84.81","84.76","778.20K","-0.07%"
"May 23, 2016","84.83","84.79","84.83","84.79","654.70K","-0.01%"
"May 20, 2016","84.84","84.81","84.85","84.80","1.94M","0.04%"
"May 19, 2016","84.81","84.81","84.85","84.81","1.62M","0.02%"
"May 18, 2016","84.79","84.86","84.90","84.78","3.69M","-0.18%"
"May 17, 2016","84.94","84.95","84.97","84.91","819.54K","-0.04%"
"May 16, 2016","84.97","85.00","85.00","84.95","600.84K","-0.05%"
"May 13, 2016","85.01","84.99","85.03","84.98","1.11M","0.01%"
"May 12, 2016","85.00","85.03","85.04","85.00","562.68K","-0.06%"
"May 11, 2016","85.05","85.06","85.08","85.04","1.61M","-0.04%"
"May 10, 2016","85.08","85.07","85.08","85.04","2.85M","0.02%"
"May 09, 2016","85.06","85.08","85.09","85.05","609.98K","0.05%"
"May 06, 2016","85.02","85.09","85.10","85.02","1.12M","-0.02%"
"May 05, 2016","85.04","85.03","85.07","84.98","556.86K","0.04%"
"May 04, 2016","85.01","85.03","85.03","84.97","1.62M","-0.01%"
"May 03, 2016","85.02","85.03","85.03","84.98","3.79M","0.11%"
"May 02, 2016","84.93","84.94","84.96","84.92","1.02M","-0.09%"
"Apr 29, 2016","85.01","84.97","85.03","84.96","1.61M","0.04%"
"Apr 28, 2016","84.98","84.94","85.01","84.93","694.64K","0.06%"
"Apr 27, 2016","84.93","84.90","84.93","84.82","748.28K","0.07%"
"Apr 26, 2016","84.87","84.89","84.90","84.86","969.33K","-0.02%"
"Apr 25, 2016","84.89","84.90","84.93","84.89","1.51M","-0.02%"
"Apr 22, 2016","84.91","84.91","84.92","84.90","2.59M","0.00%"
"Apr 21, 2016","84.91","84.90","84.95","84.90","1.60M","-0.02%"
"Apr 20, 2016","84.93","85.01","85.01","84.92","1.08M","-0.07%"
"Apr 19, 2016","84.99","85.02","85.02","84.97","1.51M","-0.04%"
"Apr 18, 2016","85.02","85.01","85.03","85.00","870.85K","-0.01%"
"Apr 15, 2016","85.03","84.98","85.03","84.98","825.59K","0.07%"
"Apr 14, 2016","84.97","84.98","84.99","84.95","1.10M","0.00%"
"Apr 13, 2016","84.97","84.99","84.99","84.96","1.37M","-0.05%"
"Apr 12, 2016","85.01","85.01","85.02","85.00","524.90K","-0.02%"
"Apr 11, 2016","85.03","85.02","85.06","85.01","851.14K","-0.01%"
"Apr 08, 2016","85.04","85.01","85.05","85.01","594.35K","0.00%"
"Apr 07, 2016","85.04","85.01","85.06","85.00","1.48M","0.06%"
"Apr 06, 2016","84.99","85.01","85.01","84.95","1.03M","-0.04%"
"Apr 05, 2016","85.02","85.00","85.02","84.98","4.65M","0.04%"
"Apr 04, 2016","84.99","84.95","84.99","84.93","2.86M","0.07%"
"Apr 01, 2016","84.93","84.93","84.97","84.91","5.31M","-0.12%"
"Mar 31, 2016","85.03","85.02","85.06","84.99","1.55M","0.05%"
"Mar 30, 2016","84.99","84.97","85.00","84.93","1.31M","0.01%"
"Mar 29, 2016","84.98","84.85","84.98","84.85","1.22M","0.19%"
"Mar 28, 2016","84.82","84.82","84.86","84.82","2.82M","0.02%"
"Mar 24, 2016","84.80","84.85","84.85","84.79","859.83K","-0.05%"
"Mar 23, 2016","84.84","84.79","84.86","84.78","1.36M","0.06%"
"Mar 22, 2016","84.79","84.85","84.86","84.77","1.90M","-0.06%"
"Mar 21, 2016","84.84","84.83","84.84","84.80","1.89M","-0.01%"
"Mar 18, 2016","84.85","84.85","84.88","84.83","3.01M","0.02%"
"Mar 17, 2016","84.83","84.80","84.83","84.77","1.68M","-0.01%"
"Mar 16, 2016","84.84","84.59","84.84","84.55","5.97M","0.20%"
"Mar 15, 2016","84.67","84.68","84.70","84.63","1.51M","0.04%"
"Mar 14, 2016","84.64","84.67","84.67","84.64","1.88M","0.00%"
"Mar 11, 2016","84.64","84.68","84.68","84.63","4.11M","-0.09%"
"Mar 10, 2016","84.72","84.70","84.73","84.68","2.23M","-0.01%"
"Mar 09, 2016","84.73","84.75","84.76","84.73","1.28M","-0.04%"
"Mar 08, 2016","84.76","84.76","84.80","84.75","2.88M","0.07%"
"Mar 07, 2016","84.70","84.72","84.74","84.70","1.99M","-0.07%"
"Mar 04, 2016","84.76","84.77","84.81","84.74","1.53M","-0.07%"
"Mar 03, 2016","84.82","84.78","84.82","84.77","5.60M","0.04%"
"Mar 02, 2016","84.79","84.77","84.80","84.75","2.65M","-0.01%"
"Mar 01, 2016","84.80","84.92","84.92","84.79","4.58M","-0.19%"
"Feb 29, 2016","84.96","84.88","84.96","84.88","2.63M","0.06%"
"Feb 26, 2016","84.91","84.96","84.97","84.89","1.89M","-0.13%"
"Feb 25, 2016","85.02","85.01","85.04","85.00","1.53M","0.02%"
"Feb 24, 2016","85.00","85.02","85.08","84.98","1.07M","0.02%"
"Feb 23, 2016","84.98","84.96","85.00","84.94","1.23M","0.01%"
"Feb 22, 2016","84.97","84.93","84.97","84.93","1.10M","0.01%"
"Feb 19, 2016","84.96","84.98","85.01","84.96","975.39K","-0.09%"
"Feb 18, 2016","85.04","84.94","85.04","84.94","859.07K","0.08%"
"Feb 17, 2016","84.97","84.92","84.97","84.91","2.00M","0.02%"
"Feb 16, 2016","84.95","84.99","85.00","84.95","2.55M","-0.06%"
"Feb 12, 2016","85.00","85.06","85.08","84.99","1.19M","-0.12%"
"Feb 11, 2016","85.10","85.15","85.18","85.08","1.81M","0.09%"
"Feb 10, 2016","85.02","84.95","85.03","84.95","1.06M","0.00%"
"Feb 09, 2016","85.02","85.08","85.08","85.00","1.92M","-0.04%"
"Feb 08, 2016","85.05","85.01","85.07","84.99","1.47M","0.12%"
"Feb 05, 2016","84.95","84.91","84.97","84.90","1.29M","-0.02%"
"Feb 04, 2016","84.97","84.95","84.98","84.95","1.31M","0.02%"
"Feb 03, 2016","84.95","84.91","85.02","84.91","1.96M","0.02%"
"Feb 02, 2016","84.93","84.86","84.93","84.86","2.53M","0.13%"
"Feb 01, 2016","84.82","84.84","84.84","84.80","5.67M","-0.11%"
"Jan 29, 2016","84.91","84.90","84.91","84.86","1.52M","0.12%"
"Jan 28, 2016","84.81","84.80","84.84","84.78","1.27M","0.00%"
"Jan 27, 2016","84.81","84.74","84.81","84.72","1.74M","0.02%"
"Jan 26, 2016","84.79","84.75","84.80","84.74","1.18M","0.05%"
"Jan 25, 2016","84.75","84.73","84.77","84.73","1.80M","0.00%"
"Jan 22, 2016","84.75","84.71","84.75","84.70","3.18M","-0.04%"
"Jan 21, 2016","84.78","84.81","84.82","84.76","2.33M","-0.01%"
"Jan 20, 2016","84.79","84.78","84.84","84.77","2.14M","0.07%"
"Jan 19, 2016","84.73","84.72","84.75","84.70","5.11M","-0.01%"
"Jan 15, 2016","84.74","84.73","84.78","84.71","2.14M","0.08%"
"Jan 14, 2016","84.67","84.65","84.67","84.62","1.30M","0.02%"
"Jan 13, 2016","84.65","84.59","84.65","84.57","1.82M","0.06%"
"Jan 12, 2016","84.60","84.54","84.63","84.53","1.28M","0.01%"
"Jan 11, 2016","84.59","84.54","84.61","84.52","3.56M","0.04%"
"Jan 08, 2016","84.56","84.53","84.58","84.50","7.14M","0.07%"
"Jan 07, 2016","84.50","84.53","84.54","84.47","2.70M","0.04%"
"Jan 06, 2016","84.47","84.48","84.50","84.45","2.41M","0.06%"
"Jan 05, 2016","84.42","84.44","84.46","84.41","2.47M","-0.06%"
"Jan 04, 2016","84.47","84.48","84.49","84.44","7.55M","0.13%"
"Dec 31, 2015","84.36","84.43","84.44","84.36","2.47M","-0.05%"
"Dec 30, 2015","84.40","84.36","84.40","84.34","4.80M","0.02%"
"Dec 29, 2015","84.38","84.36","84.40","84.35","1.09M","-0.02%"
"Dec 28, 2015","84.40","84.40","84.42","84.39","1.10M","-0.06%"
"Dec 24, 2015","84.45","84.44","84.45","84.41","564.61K","-0.01%"
"Dec 23, 2015","84.46","84.49","84.50","84.44","2.79M","-0.04%"
"Dec 22, 2015","84.49","84.49","84.51","84.46","1.23M","-0.02%"
"Dec 21, 2015","84.51","84.52","84.52","84.49","3.04M","-0.01%"
"Dec 18, 2015","84.52","84.48","84.52","84.46","1.49M","0.13%"
"Dec 17, 2015","84.41","84.40","84.45","84.40","1.78M","0.00%"
"Dec 16, 2015","84.41","84.44","84.46","84.31","1.24M","-0.08%"
"Dec 15, 2015","84.48","84.45","84.48","84.44","1.05M","-0.01%"
"Dec 14, 2015","84.49","84.52","84.55","84.48","1.76M","-0.12%"
"Dec 11, 2015","84.59","84.54","84.62","84.53","1.07M","0.12%"
"Dec 10, 2015","84.49","84.52","84.53","84.48","963.00K","-0.06%"
"Dec 09, 2015","84.54","84.50","84.55","84.47","3.64M","0.04%"
"Dec 08, 2015","84.51","84.53","84.54","84.49","1.04M","-0.01%"
"Dec 07, 2015","84.52","84.52","84.54","84.51","2.03M","-0.01%"
"Dec 04, 2015","84.53","84.54","84.57","84.51","4.44M","0.02%"
"Dec 03, 2015","84.51","84.51","84.51","84.43","4.86M","0.00%"
"Dec 02, 2015","84.51","84.54","84.54","84.50","1.01M","-0.08%"
"Dec 01, 2015","84.58","84.51","84.60","84.51","4.41M","0.01%"
"Nov 30, 2015","84.57","84.58","84.59","84.56","1.47M","-0.04%"
"Nov 27, 2015","84.60","84.58","84.61","84.58","429.64K","0.02%"
"Nov 25, 2015","84.58","84.58","84.59","84.55","3.07M","0.01%"
"Nov 24, 2015","84.57","84.58","84.59","84.56","1.02M","0.00%"
"Nov 23, 2015","84.57","84.54","84.58","84.54","936.65K","-0.01%"
"Nov 20, 2015","84.58","84.59","84.62","84.57","798.76K","0.00%"
"Nov 19, 2015","84.58","84.62","84.63","84.58","1.71M","-0.02%"
"Nov 18, 2015","84.60","84.62","84.64","84.58","1.80M","-0.04%"
"Nov 17, 2015","84.63","84.59","84.66","84.58","4.71M","-0.04%"
"Nov 16, 2015","84.66","84.66","84.68","84.64","1.84M","0.00%"
"Nov 13, 2015","84.66","84.60","84.66","84.60","771.46K","0.08%"
"Nov 12, 2015","84.59","84.58","84.62","84.58","5.87M","0.04%"
"Nov 11, 2015","84.56","84.62","84.64","84.56","6.89M","-0.02%"
"Nov 10, 2015","84.58","84.58","84.61","84.55","2.14M","0.05%"
"Nov 09, 2015","84.54","84.54","84.56","84.53","1.62M","-0.02%"
"Nov 06, 2015","84.56","84.56","84.58","84.54","1.83M","-0.09%"
"Nov 05, 2015","84.64","84.64","84.66","84.61","2.78M","0.00%"
"Nov 04, 2015","84.64","84.70","84.73","84.64","2.12M","-0.11%"
"Nov 03, 2015","84.73","84.72","84.74","84.71","3.64M","-0.01%"
"Nov 02, 2015","84.74","84.71","84.78","84.71","14.60M","-0.11%"
"Oct 30, 2015","84.83","84.83","84.85","84.82","3.24M","0.00%"
"Oct 29, 2015","84.83","84.84","84.86","84.83","1.53M","-0.07%"
"Oct 28, 2015","84.89","84.98","85.00","84.85","1.66M","-0.13%"
"Oct 27, 2015","85.00","85.00","85.03","85.00","1.02M","0.04%"
"Oct 26, 2015","84.97","84.97","84.99","84.96","5.90M","0.00%"
"Oct 23, 2015","84.97","84.98","85.01","84.95","5.66M","-0.08%"
"Oct 22, 2015","85.04","85.01","85.06","85.01","2.38M","0.04%"
"Oct 21, 2015","85.01","84.98","85.03","84.97","11.12M","0.04%"
"Oct 20, 2015","84.98","84.97","84.98","84.96","1.03M","-0.06%"
"Oct 19, 2015","85.03","85.01","85.03","84.99","1.43M","0.04%"
"Oct 16, 2015","85.00","85.01","85.03","85.00","942.50K","-0.05%"
"Oct 15, 2015","85.04","85.02","85.05","85.01","1.59M","-0.06%"
"Oct 14, 2015","85.09","85.08","85.10","85.03","3.42M","0.14%"
"Oct 13, 2015","84.97","84.96","84.98","84.95","1.07M","0.04%"
"Oct 12, 2015","84.94","84.90","84.98","84.90","1.49M","-0.02%"
"Oct 09, 2015","84.96","84.93","84.96","84.92","1.11M","0.00%"
"Oct 08, 2015","84.96","84.94","85.00","84.94","1.79M","-0.02%"
"Oct 07, 2015","84.98","84.98","84.99","84.95","3.66M","-0.02%"
"Oct 06, 2015","85.00","84.97","85.02","84.97","1.52M","-0.01%"
"Oct 05, 2015","85.01","85.05","85.05","84.98","5.50M","-0.07%"
"Oct 02, 2015","85.07","85.10","85.12","85.05","1.67M","0.14%"
"Oct 01, 2015","84.95","84.95","84.98","84.92","5.26M","-0.05%"
"Sep 30, 2015","84.99","84.95","85.00","84.95","9.53M","0.02%"
"Sep 29, 2015","84.97","84.95","84.99","84.93","1.90M","0.05%"
"Sep 28, 2015","84.93","84.90","84.94","84.88","2.57M","0.07%"
"Sep 25, 2015","84.87","84.90","84.92","84.85","1.12M","-0.05%"
"Sep 24, 2015","84.91","84.89","84.95","84.89","1.48M","0.06%"
"Sep 23, 2015","84.86","84.87","84.90","84.84","1.66M","-0.04%"
"Sep 22, 2015","84.89","84.88","84.90","84.86","834.26K","0.06%"
"Sep 21, 2015","84.84","84.84","84.85","84.82","1.67M","-0.06%"
"Sep 18, 2015","84.89","84.85","84.89","84.85","1.42M","0.05%"
"Sep 17, 2015","84.85","84.66","84.87","84.66","1.27M","0.22%"
"Sep 16, 2015","84.66","84.68","84.73","84.66","1.45M","-0.01%"
"Sep 15, 2015","84.67","84.78","84.78","84.67","2.20M","-0.14%"
"Sep 14, 2015","84.79","84.81","84.83","84.79","1.65M","-0.02%"
"Sep 11, 2015","84.81","84.78","84.82","84.78","539.55K","0.04%"
"Sep 10, 2015","84.78","84.77","84.78","84.75","1.00M","0.04%"
"Sep 09, 2015","84.75","84.72","84.77","84.72","1.72M","-0.02%"
"Sep 08, 2015","84.77","84.76","84.78","84.75","3.25M","-0.04%"
"Sep 04, 2015","84.80","84.81","84.84","84.78","1.39M","0.01%"
"Sep 03, 2015","84.79","84.83","84.83","84.78","2.63M","0.00%"
"Sep 02, 2015","84.79","84.79","84.80","84.75","5.69M","0.02%"
"Sep 01, 2015","84.77","84.78","84.80","84.75","6.32M","-0.01%"
"Aug 31, 2015","84.78","84.81","84.84","84.77","7.29M","-0.04%"
"Aug 28, 2015","84.81","84.87","84.88","84.78","1.68M","-0.05%"
"Aug 27, 2015","84.85","84.84","84.87","84.80","2.99M","0.01%"
"Aug 26, 2015","84.84","84.87","84.94","84.84","2.52M","-0.06%"
"Aug 25, 2015","84.89","84.89","84.94","84.85","2.71M","-0.05%"
"Aug 24, 2015","84.93","85.05","85.05","84.89","4.49M","0.05%"
"Aug 21, 2015","84.89","84.85","84.90","84.83","2.06M","0.11%"
"Aug 20, 2015","84.80","84.84","84.84","84.80","5.88M","-0.04%"
"Aug 19, 2015","84.83","84.74","84.84","84.71","960.57K","0.09%"
"Aug 18, 2015","84.75","84.74","84.76","84.72","466.28K","-0.01%"
"Aug 17, 2015","84.76","84.75","84.78","84.75","646.74K","0.06%"
"Aug 14, 2015","84.71","84.71","84.75","84.71","837.64K","-0.05%"
"Aug 13, 2015","84.75","84.78","84.80","84.74","537.03K","-0.08%"
"Aug 12, 2015","84.82","84.84","84.88","84.80","1.51M","0.00%"
"Aug 11, 2015","84.82","84.82","84.83","84.79","1.89M","0.13%"
"Aug 10, 2015","84.71","84.71","84.73","84.70","1.40M","0.00%"
"Aug 07, 2015","84.71","84.70","84.75","84.69","934.34K","-0.05%"
"Aug 06, 2015","84.75","84.74","84.77","84.73","1.13M","0.02%"
"Aug 05, 2015","84.73","84.71","84.73","84.68","1.83M","0.01%"
"Aug 04, 2015","84.72","84.80","84.82","84.72","1.23M","-0.15%"
"Aug 03, 2015","84.85","84.79","84.86","84.79","5.56M","-0.01%"
"Jul 31, 2015","84.86","84.86","84.88","84.84","4.19M","0.11%"
"Jul 30, 2015","84.77","84.77","84.79","84.75","581.36K","-0.05%"
"Jul 29, 2015","84.81","84.82","84.85","84.79","1.59M","-0.02%"
"Jul 28, 2015","84.83","84.83","84.85","84.81","2.11M","-0.02%"
"Jul 27, 2015","84.85","84.86","84.86","84.83","4.48M","0.07%"
"Jul 24, 2015","84.79","84.77","84.83","84.76","810.49K","0.02%"
"Jul 23, 2015","84.77","84.71","84.78","84.71","854.23K","0.01%"
"Jul 22, 2015","84.76","84.76","84.77","84.74","760.42K","-0.01%"
"Jul 21, 2015","84.77","84.73","84.80","84.73","653.42K","0.01%"
"Jul 20, 2015","84.76","84.75","84.77","84.74","1.10M","-0.06%"
"Jul 17, 2015","84.81","84.78","84.82","84.78","934.88K","-0.02%"
"Jul 16, 2015","84.83","84.77","84.83","84.77","5.84M","-0.05%"
"Jul 15, 2015","84.87","84.82","84.87","84.79","1.07M","0.04%"
"Jul 14, 2015","84.84","84.82","84.84","84.82","1.06M","0.05%"
"Jul 13, 2015","84.80","84.79","84.80","84.77","856.70K","-0.05%"
"Jul 10, 2015","84.84","84.86","84.88","84.81","2.00M","-0.09%"
"Jul 09, 2015","84.92","84.93","84.94","84.90","2.00M","-0.07%"
"Jul 08, 2015","84.98","84.92","84.99","84.91","1.63M","0.11%"
"Jul 07, 2015","84.89","84.95","84.97","84.89","2.67M","0.24%"